<annotation>
	<folder></folder>
	<filename>FishDataset126_png_jpg.rf.0272a6aa35291ee3566a4d86d4defdbe.jpg</filename>
	<path>FishDataset126_png_jpg.rf.0272a6aa35291ee3566a4d86d4defdbe.jpg</path>
	<source>
		<database>roboflow.ai</database>
	</source>
	<size>
		<width>416</width>
		<height>416</height>
		<depth>3</depth>
	</size>
	<segmented>0</segmented>
	<object>
		<name>Lutjanidae -Snappers-</name>
		<pose>Unspecified</pose>
		<truncated>0</truncated>
		<difficult>0</difficult>
		<occluded>0</occluded>
		<bndbox>
			<xmin>37</xmin>
			<xmax>386</xmax>
			<ymin>90</ymin>
			<ymax>328</ymax>
		</bndbox>
	</object>
</annotation>
