<annotation>
	<folder></folder>
	<filename>FishDataset434_png_jpg.rf.d5d93acdf7cc0e2840beef99d71a3f93.jpg</filename>
	<path>FishDataset434_png_jpg.rf.d5d93acdf7cc0e2840beef99d71a3f93.jpg</path>
	<source>
		<database>roboflow.ai</database>
	</source>
	<size>
		<width>416</width>
		<height>416</height>
		<depth>3</depth>
	</size>
	<segmented>0</segmented>
	<object>
		<name>Serranidae -Groupers-</name>
		<pose>Unspecified</pose>
		<truncated>0</truncated>
		<difficult>0</difficult>
		<occluded>0</occluded>
		<bndbox>
			<xmin>145</xmin>
			<xmax>416</xmax>
			<ymin>121</ymin>
			<ymax>416</ymax>
		</bndbox>
	</object>
</annotation>
