<annotation>
	<folder></folder>
	<filename>FishDataset611_png_jpg.rf.ffb3f54501b7e060dc50290b6ccaf45c.jpg</filename>
	<path>FishDataset611_png_jpg.rf.ffb3f54501b7e060dc50290b6ccaf45c.jpg</path>
	<source>
		<database>roboflow.ai</database>
	</source>
	<size>
		<width>416</width>
		<height>416</height>
		<depth>3</depth>
	</size>
	<segmented>0</segmented>
	<object>
		<name>Lutjanidae -Snappers-</name>
		<pose>Unspecified</pose>
		<truncated>0</truncated>
		<difficult>0</difficult>
		<occluded>0</occluded>
		<bndbox>
			<xmin>7</xmin>
			<xmax>330</xmax>
			<ymin>68</ymin>
			<ymax>391</ymax>
		</bndbox>
	</object>
</annotation>
