<annotation>
	<folder></folder>
	<filename>FishDataset121_png_jpg.rf.27426e1b920448763ed06353422fe52d.jpg</filename>
	<path>FishDataset121_png_jpg.rf.27426e1b920448763ed06353422fe52d.jpg</path>
	<source>
		<database>roboflow.ai</database>
	</source>
	<size>
		<width>416</width>
		<height>416</height>
		<depth>3</depth>
	</size>
	<segmented>0</segmented>
	<object>
		<name>Scombridae -Tunas-</name>
		<pose>Unspecified</pose>
		<truncated>0</truncated>
		<difficult>0</difficult>
		<occluded>0</occluded>
		<bndbox>
			<xmin>69</xmin>
			<xmax>339</xmax>
			<ymin>126</ymin>
			<ymax>416</ymax>
		</bndbox>
	</object>
</annotation>
