<annotation>
	<folder></folder>
	<filename>FishDataset313_png_jpg.rf.f5e51387c89e0e408d37be12a9f2e75b.jpg</filename>
	<path>FishDataset313_png_jpg.rf.f5e51387c89e0e408d37be12a9f2e75b.jpg</path>
	<source>
		<database>roboflow.ai</database>
	</source>
	<size>
		<width>416</width>
		<height>416</height>
		<depth>3</depth>
	</size>
	<segmented>0</segmented>
	<object>
		<name>Carangidae -Jacks-</name>
		<pose>Unspecified</pose>
		<truncated>0</truncated>
		<difficult>0</difficult>
		<occluded>0</occluded>
		<bndbox>
			<xmin>25</xmin>
			<xmax>371</xmax>
			<ymin>107</ymin>
			<ymax>338</ymax>
		</bndbox>
	</object>
</annotation>
