<annotation>
	<folder></folder>
	<filename>FishDataset672_png_jpg.rf.c87dd950bd2ff8953a20b397bd8a3530.jpg</filename>
	<path>FishDataset672_png_jpg.rf.c87dd950bd2ff8953a20b397bd8a3530.jpg</path>
	<source>
		<database>roboflow.ai</database>
	</source>
	<size>
		<width>416</width>
		<height>416</height>
		<depth>3</depth>
	</size>
	<segmented>0</segmented>
	<object>
		<name>Lutjanidae -Snappers-</name>
		<pose>Unspecified</pose>
		<truncated>0</truncated>
		<difficult>0</difficult>
		<occluded>0</occluded>
		<bndbox>
			<xmin>39</xmin>
			<xmax>416</xmax>
			<ymin>17</ymin>
			<ymax>405</ymax>
		</bndbox>
	</object>
</annotation>
