<annotation>
	<folder></folder>
	<filename>FishDataset43_png_jpg.rf.7e423e47b3d4995ddb58dfe6206a67d8.jpg</filename>
	<path>FishDataset43_png_jpg.rf.7e423e47b3d4995ddb58dfe6206a67d8.jpg</path>
	<source>
		<database>roboflow.ai</database>
	</source>
	<size>
		<width>416</width>
		<height>416</height>
		<depth>3</depth>
	</size>
	<segmented>0</segmented>
	<object>
		<name>Scaridae -Parrotfishes-</name>
		<pose>Unspecified</pose>
		<truncated>0</truncated>
		<difficult>0</difficult>
		<occluded>0</occluded>
		<bndbox>
			<xmin>182</xmin>
			<xmax>303</xmax>
			<ymin>140</ymin>
			<ymax>230</ymax>
		</bndbox>
	</object>
	<object>
		<name>Pomacentridae -Damselfishes-</name>
		<pose>Unspecified</pose>
		<truncated>0</truncated>
		<difficult>0</difficult>
		<occluded>0</occluded>
		<bndbox>
			<xmin>207</xmin>
			<xmax>278</xmax>
			<ymin>283</ymin>
			<ymax>352</ymax>
		</bndbox>
	</object>
	<object>
		<name>Scaridae -Parrotfishes-</name>
		<pose>Unspecified</pose>
		<truncated>0</truncated>
		<difficult>0</difficult>
		<occluded>0</occluded>
		<bndbox>
			<xmin>15</xmin>
			<xmax>108</xmax>
			<ymin>53</ymin>
			<ymax>148</ymax>
		</bndbox>
	</object>
	<object>
		<name>Pomacentridae -Damselfishes-</name>
		<pose>Unspecified</pose>
		<truncated>0</truncated>
		<difficult>0</difficult>
		<occluded>0</occluded>
		<bndbox>
			<xmin>17</xmin>
			<xmax>66</xmax>
			<ymin>258</ymin>
			<ymax>328</ymax>
		</bndbox>
	</object>
</annotation>
