<annotation>
	<folder></folder>
	<filename>FishDataset376_png_jpg.rf.584721c2e8b433c8a18517a372d8675e.jpg</filename>
	<path>FishDataset376_png_jpg.rf.584721c2e8b433c8a18517a372d8675e.jpg</path>
	<source>
		<database>roboflow.ai</database>
	</source>
	<size>
		<width>416</width>
		<height>416</height>
		<depth>3</depth>
	</size>
	<segmented>0</segmented>
	<object>
		<name>parrot</name>
		<pose>Unspecified</pose>
		<truncated>0</truncated>
		<difficult>0</difficult>
		<occluded>0</occluded>
		<bndbox>
			<xmin>54</xmin>
			<xmax>374</xmax>
			<ymin>97</ymin>
			<ymax>320</ymax>
		</bndbox>
	</object>
</annotation>
