<annotation>
	<folder></folder>
	<filename>FishDataset702_png_jpg.rf.3aac1bf9ec30174a27900aeef2e2ec4e.jpg</filename>
	<path>FishDataset702_png_jpg.rf.3aac1bf9ec30174a27900aeef2e2ec4e.jpg</path>
	<source>
		<database>roboflow.ai</database>
	</source>
	<size>
		<width>416</width>
		<height>416</height>
		<depth>3</depth>
	</size>
	<segmented>0</segmented>
	<object>
		<name>Serranidae -Groupers-</name>
		<pose>Unspecified</pose>
		<truncated>0</truncated>
		<difficult>0</difficult>
		<occluded>0</occluded>
		<bndbox>
			<xmin>53</xmin>
			<xmax>186</xmax>
			<ymin>87</ymin>
			<ymax>209</ymax>
		</bndbox>
	</object>
</annotation>
