<annotation>
	<folder></folder>
	<filename>FishDataset693_png_jpg.rf.fafd6f4ffde7161f9ba9fa619590a39b.jpg</filename>
	<path>FishDataset693_png_jpg.rf.fafd6f4ffde7161f9ba9fa619590a39b.jpg</path>
	<source>
		<database>roboflow.ai</database>
	</source>
	<size>
		<width>416</width>
		<height>416</height>
		<depth>3</depth>
	</size>
	<segmented>0</segmented>
	<object>
		<name>Lutjanidae -Snappers-</name>
		<pose>Unspecified</pose>
		<truncated>0</truncated>
		<difficult>0</difficult>
		<occluded>0</occluded>
		<bndbox>
			<xmin>29</xmin>
			<xmax>407</xmax>
			<ymin>47</ymin>
			<ymax>350</ymax>
		</bndbox>
	</object>
</annotation>
