<annotation>
	<folder></folder>
	<filename>FishDataset706_png_jpg.rf.0c9182916e7b5e6dffabfeef71fafd47.jpg</filename>
	<path>FishDataset706_png_jpg.rf.0c9182916e7b5e6dffabfeef71fafd47.jpg</path>
	<source>
		<database>roboflow.ai</database>
	</source>
	<size>
		<width>416</width>
		<height>416</height>
		<depth>3</depth>
	</size>
	<segmented>0</segmented>
	<object>
		<name>Scaridae -Parrotfishes-</name>
		<pose>Unspecified</pose>
		<truncated>0</truncated>
		<difficult>0</difficult>
		<occluded>0</occluded>
		<bndbox>
			<xmin>29</xmin>
			<xmax>384</xmax>
			<ymin>115</ymin>
			<ymax>336</ymax>
		</bndbox>
	</object>
</annotation>
