<annotation>
	<folder></folder>
	<filename>FishDataset21_png_jpg.rf.7bcd3ff4e2bd6534855eadefde7620e1.jpg</filename>
	<path>FishDataset21_png_jpg.rf.7bcd3ff4e2bd6534855eadefde7620e1.jpg</path>
	<source>
		<database>roboflow.ai</database>
	</source>
	<size>
		<width>416</width>
		<height>416</height>
		<depth>3</depth>
	</size>
	<segmented>0</segmented>
	<object>
		<name>Acanthuridae -Surgeonfishes-</name>
		<pose>Unspecified</pose>
		<truncated>0</truncated>
		<difficult>0</difficult>
		<occluded>0</occluded>
		<bndbox>
			<xmin>154</xmin>
			<xmax>324</xmax>
			<ymin>161</ymin>
			<ymax>269</ymax>
		</bndbox>
	</object>
</annotation>
