<annotation>
	<folder></folder>
	<filename>FishDataset160_png_jpg.rf.7ba99a1299fb17d306ad785b4fa7ed71.jpg</filename>
	<path>FishDataset160_png_jpg.rf.7ba99a1299fb17d306ad785b4fa7ed71.jpg</path>
	<source>
		<database>roboflow.ai</database>
	</source>
	<size>
		<width>416</width>
		<height>416</height>
		<depth>3</depth>
	</size>
	<segmented>0</segmented>
	<object>
		<name>Carangidae -Jacks-</name>
		<pose>Unspecified</pose>
		<truncated>0</truncated>
		<difficult>0</difficult>
		<occluded>0</occluded>
		<bndbox>
			<xmin>82</xmin>
			<xmax>403</xmax>
			<ymin>57</ymin>
			<ymax>323</ymax>
		</bndbox>
	</object>
</annotation>
