<annotation>
	<folder></folder>
	<filename>FishDataset698_png_jpg.rf.dc3ee8454ad943af4fb12f011f02066a.jpg</filename>
	<path>FishDataset698_png_jpg.rf.dc3ee8454ad943af4fb12f011f02066a.jpg</path>
	<source>
		<database>roboflow.ai</database>
	</source>
	<size>
		<width>416</width>
		<height>416</height>
		<depth>3</depth>
	</size>
	<segmented>0</segmented>
	<object>
		<name>Shark -Selachimorpha-</name>
		<pose>Unspecified</pose>
		<truncated>0</truncated>
		<difficult>0</difficult>
		<occluded>0</occluded>
		<bndbox>
			<xmin>24</xmin>
			<xmax>402</xmax>
			<ymin>45</ymin>
			<ymax>318</ymax>
		</bndbox>
	</object>
</annotation>
