<annotation>
	<folder></folder>
	<filename>FishDataset346_png_jpg.rf.06b23bb0d23cd9fe4ddd066f1a8ba2b8.jpg</filename>
	<path>FishDataset346_png_jpg.rf.06b23bb0d23cd9fe4ddd066f1a8ba2b8.jpg</path>
	<source>
		<database>roboflow.ai</database>
	</source>
	<size>
		<width>416</width>
		<height>416</height>
		<depth>3</depth>
	</size>
	<segmented>0</segmented>
	<object>
		<name>Carangidae -Jacks-</name>
		<pose>Unspecified</pose>
		<truncated>0</truncated>
		<difficult>0</difficult>
		<occluded>0</occluded>
		<bndbox>
			<xmin>101</xmin>
			<xmax>317</xmax>
			<ymin>47</ymin>
			<ymax>327</ymax>
		</bndbox>
	</object>
</annotation>
