<annotation>
	<folder></folder>
	<filename>FishDataset296_png_jpg.rf.059ec9b066a1267eef278eee6fa427b8.jpg</filename>
	<path>FishDataset296_png_jpg.rf.059ec9b066a1267eef278eee6fa427b8.jpg</path>
	<source>
		<database>roboflow.ai</database>
	</source>
	<size>
		<width>416</width>
		<height>416</height>
		<depth>3</depth>
	</size>
	<segmented>0</segmented>
	<object>
		<name>Shark -Selachimorpha-</name>
		<pose>Unspecified</pose>
		<truncated>0</truncated>
		<difficult>0</difficult>
		<occluded>0</occluded>
		<bndbox>
			<xmin>106</xmin>
			<xmax>416</xmax>
			<ymin>171</ymin>
			<ymax>322</ymax>
		</bndbox>
	</object>
</annotation>
