<annotation>
	<folder></folder>
	<filename>FishDataset331_png_jpg.rf.ef41b01f9eb74a0bb36e72bdc3606825.jpg</filename>
	<path>FishDataset331_png_jpg.rf.ef41b01f9eb74a0bb36e72bdc3606825.jpg</path>
	<source>
		<database>roboflow.ai</database>
	</source>
	<size>
		<width>416</width>
		<height>416</height>
		<depth>3</depth>
	</size>
	<segmented>0</segmented>
	<object>
		<name>Serranidae -Groupers-</name>
		<pose>Unspecified</pose>
		<truncated>0</truncated>
		<difficult>0</difficult>
		<occluded>0</occluded>
		<bndbox>
			<xmin>1</xmin>
			<xmax>233</xmax>
			<ymin>235</ymin>
			<ymax>416</ymax>
		</bndbox>
	</object>
</annotation>
