<annotation>
	<folder></folder>
	<filename>FishDataset187_png_jpg.rf.3cf61acc03ff7235c755004d3e979c2d.jpg</filename>
	<path>FishDataset187_png_jpg.rf.3cf61acc03ff7235c755004d3e979c2d.jpg</path>
	<source>
		<database>roboflow.ai</database>
	</source>
	<size>
		<width>416</width>
		<height>416</height>
		<depth>3</depth>
	</size>
	<segmented>0</segmented>
	<object>
		<name>jack</name>
		<pose>Unspecified</pose>
		<truncated>0</truncated>
		<difficult>0</difficult>
		<occluded>0</occluded>
		<bndbox>
			<xmin>114</xmin>
			<xmax>216</xmax>
			<ymin>188</ymin>
			<ymax>266</ymax>
		</bndbox>
	</object>
	<object>
		<name>snapper</name>
		<pose>Unspecified</pose>
		<truncated>0</truncated>
		<difficult>0</difficult>
		<occluded>0</occluded>
		<bndbox>
			<xmin>170</xmin>
			<xmax>285</xmax>
			<ymin>51</ymin>
			<ymax>136</ymax>
		</bndbox>
	</object>
	<object>
		<name>snapper</name>
		<pose>Unspecified</pose>
		<truncated>0</truncated>
		<difficult>0</difficult>
		<occluded>0</occluded>
		<bndbox>
			<xmin>268</xmin>
			<xmax>329</xmax>
			<ymin>155</ymin>
			<ymax>228</ymax>
		</bndbox>
	</object>
</annotation>
