<annotation>
	<folder></folder>
	<filename>FishDataset488_png_jpg.rf.e530769e25f39b3938ebbb7c59eb81c2.jpg</filename>
	<path>FishDataset488_png_jpg.rf.e530769e25f39b3938ebbb7c59eb81c2.jpg</path>
	<source>
		<database>roboflow.ai</database>
	</source>
	<size>
		<width>416</width>
		<height>416</height>
		<depth>3</depth>
	</size>
	<segmented>0</segmented>
	<object>
		<name>Lutjanidae -Snappers-</name>
		<pose>Unspecified</pose>
		<truncated>0</truncated>
		<difficult>0</difficult>
		<occluded>0</occluded>
		<bndbox>
			<xmin>3</xmin>
			<xmax>174</xmax>
			<ymin>61</ymin>
			<ymax>179</ymax>
		</bndbox>
	</object>
	<object>
		<name>Serranidae -Groupers-</name>
		<pose>Unspecified</pose>
		<truncated>0</truncated>
		<difficult>0</difficult>
		<occluded>0</occluded>
		<bndbox>
			<xmin>1</xmin>
			<xmax>166</xmax>
			<ymin>203</ymin>
			<ymax>327</ymax>
		</bndbox>
	</object>
	<object>
		<name>Lutjanidae -Snappers-</name>
		<pose>Unspecified</pose>
		<truncated>0</truncated>
		<difficult>0</difficult>
		<occluded>0</occluded>
		<bndbox>
			<xmin>216</xmin>
			<xmax>374</xmax>
			<ymin>223</ymin>
			<ymax>375</ymax>
		</bndbox>
	</object>
</annotation>
