<annotation>
	<folder></folder>
	<filename>FishDataset709_png_jpg.rf.3f1aec8cd333e10ac6a4a058cf0b4a9d.jpg</filename>
	<path>FishDataset709_png_jpg.rf.3f1aec8cd333e10ac6a4a058cf0b4a9d.jpg</path>
	<source>
		<database>roboflow.ai</database>
	</source>
	<size>
		<width>416</width>
		<height>416</height>
		<depth>3</depth>
	</size>
	<segmented>0</segmented>
	<object>
		<name>Serranidae -Groupers-</name>
		<pose>Unspecified</pose>
		<truncated>0</truncated>
		<difficult>0</difficult>
		<occluded>0</occluded>
		<bndbox>
			<xmin>1</xmin>
			<xmax>232</xmax>
			<ymin>25</ymin>
			<ymax>334</ymax>
		</bndbox>
	</object>
</annotation>
