<annotation>
	<folder></folder>
	<filename>FishDataset520_png_jpg.rf.46bd0e3fc6d756e605e45525e7481edb.jpg</filename>
	<path>FishDataset520_png_jpg.rf.46bd0e3fc6d756e605e45525e7481edb.jpg</path>
	<source>
		<database>roboflow.ai</database>
	</source>
	<size>
		<width>416</width>
		<height>416</height>
		<depth>3</depth>
	</size>
	<segmented>0</segmented>
	<object>
		<name>Acanthuridae -Surgeonfishes-</name>
		<pose>Unspecified</pose>
		<truncated>0</truncated>
		<difficult>0</difficult>
		<occluded>0</occluded>
		<bndbox>
			<xmin>152</xmin>
			<xmax>416</xmax>
			<ymin>153</ymin>
			<ymax>275</ymax>
		</bndbox>
	</object>
</annotation>
