<annotation>
	<folder></folder>
	<filename>FishDataset536_png_jpg.rf.2572b6c14d6b08c25d550a149f505e93.jpg</filename>
	<path>FishDataset536_png_jpg.rf.2572b6c14d6b08c25d550a149f505e93.jpg</path>
	<source>
		<database>roboflow.ai</database>
	</source>
	<size>
		<width>416</width>
		<height>416</height>
		<depth>3</depth>
	</size>
	<segmented>0</segmented>
	<object>
		<name>Shark -Selachimorpha-</name>
		<pose>Unspecified</pose>
		<truncated>0</truncated>
		<difficult>0</difficult>
		<occluded>0</occluded>
		<bndbox>
			<xmin>87</xmin>
			<xmax>357</xmax>
			<ymin>161</ymin>
			<ymax>267</ymax>
		</bndbox>
	</object>
</annotation>
