<annotation>
	<folder></folder>
	<filename>FishDataset293_png_jpg.rf.d384cb169af2024c01f29e9003e81ced.jpg</filename>
	<path>FishDataset293_png_jpg.rf.d384cb169af2024c01f29e9003e81ced.jpg</path>
	<source>
		<database>roboflow.ai</database>
	</source>
	<size>
		<width>416</width>
		<height>416</height>
		<depth>3</depth>
	</size>
	<segmented>0</segmented>
	<object>
		<name>Shark -Selachimorpha-</name>
		<pose>Unspecified</pose>
		<truncated>0</truncated>
		<difficult>0</difficult>
		<occluded>0</occluded>
		<bndbox>
			<xmin>72</xmin>
			<xmax>340</xmax>
			<ymin>182</ymin>
			<ymax>323</ymax>
		</bndbox>
	</object>
</annotation>
