<annotation>
	<folder></folder>
	<filename>FishDataset482_png_jpg.rf.34923e84614dba19df8c5397cb0a6d66.jpg</filename>
	<path>FishDataset482_png_jpg.rf.34923e84614dba19df8c5397cb0a6d66.jpg</path>
	<source>
		<database>roboflow.ai</database>
	</source>
	<size>
		<width>416</width>
		<height>416</height>
		<depth>3</depth>
	</size>
	<segmented>0</segmented>
	<object>
		<name>Scombridae -Tunas-</name>
		<pose>Unspecified</pose>
		<truncated>0</truncated>
		<difficult>0</difficult>
		<occluded>0</occluded>
		<bndbox>
			<xmin>20</xmin>
			<xmax>362</xmax>
			<ymin>150</ymin>
			<ymax>309</ymax>
		</bndbox>
	</object>
</annotation>
