<annotation>
	<folder></folder>
	<filename>FishDataset617_png_jpg.rf.699b7a5e838dcfeac72073ce37ad63f4.jpg</filename>
	<path>FishDataset617_png_jpg.rf.699b7a5e838dcfeac72073ce37ad63f4.jpg</path>
	<source>
		<database>roboflow.ai</database>
	</source>
	<size>
		<width>416</width>
		<height>416</height>
		<depth>3</depth>
	</size>
	<segmented>0</segmented>
	<object>
		<name>Lutjanidae -Snappers-</name>
		<pose>Unspecified</pose>
		<truncated>0</truncated>
		<difficult>0</difficult>
		<occluded>0</occluded>
		<bndbox>
			<xmin>157</xmin>
			<xmax>274</xmax>
			<ymin>54</ymin>
			<ymax>221</ymax>
		</bndbox>
	</object>
</annotation>
