<annotation>
	<folder></folder>
	<filename>FishDataset469_png_jpg.rf.a4e00b0e723ff2c11225228d534d89e9.jpg</filename>
	<path>FishDataset469_png_jpg.rf.a4e00b0e723ff2c11225228d534d89e9.jpg</path>
	<source>
		<database>roboflow.ai</database>
	</source>
	<size>
		<width>416</width>
		<height>416</height>
		<depth>3</depth>
	</size>
	<segmented>0</segmented>
	<object>
		<name>Lutjanidae -Snappers-</name>
		<pose>Unspecified</pose>
		<truncated>0</truncated>
		<difficult>0</difficult>
		<occluded>0</occluded>
		<bndbox>
			<xmin>137</xmin>
			<xmax>270</xmax>
			<ymin>91</ymin>
			<ymax>346</ymax>
		</bndbox>
	</object>
</annotation>
