<annotation>
	<folder></folder>
	<filename>FishDataset227_png_jpg.rf.a75cdf11360f613cd683799a5bf66fe6.jpg</filename>
	<path>FishDataset227_png_jpg.rf.a75cdf11360f613cd683799a5bf66fe6.jpg</path>
	<source>
		<database>roboflow.ai</database>
	</source>
	<size>
		<width>416</width>
		<height>416</height>
		<depth>3</depth>
	</size>
	<segmented>0</segmented>
	<object>
		<name>tuna</name>
		<pose>Unspecified</pose>
		<truncated>0</truncated>
		<difficult>0</difficult>
		<occluded>0</occluded>
		<bndbox>
			<xmin>26</xmin>
			<xmax>376</xmax>
			<ymin>87</ymin>
			<ymax>293</ymax>
		</bndbox>
	</object>
</annotation>
