<annotation>
	<folder></folder>
	<filename>FishDataset401_png_jpg.rf.c4a6ded089543123cf3e819a7a3a01dc.jpg</filename>
	<path>FishDataset401_png_jpg.rf.c4a6ded089543123cf3e819a7a3a01dc.jpg</path>
	<source>
		<database>roboflow.ai</database>
	</source>
	<size>
		<width>416</width>
		<height>416</height>
		<depth>3</depth>
	</size>
	<segmented>0</segmented>
	<object>
		<name>Shark -Selachimorpha-</name>
		<pose>Unspecified</pose>
		<truncated>0</truncated>
		<difficult>0</difficult>
		<occluded>0</occluded>
		<bndbox>
			<xmin>95</xmin>
			<xmax>402</xmax>
			<ymin>165</ymin>
			<ymax>378</ymax>
		</bndbox>
	</object>
	<object>
		<name>Shark -Selachimorpha-</name>
		<pose>Unspecified</pose>
		<truncated>0</truncated>
		<difficult>0</difficult>
		<occluded>0</occluded>
		<bndbox>
			<xmin>45</xmin>
			<xmax>149</xmax>
			<ymin>100</ymin>
			<ymax>209</ymax>
		</bndbox>
	</object>
</annotation>
