<annotation>
	<folder></folder>
	<filename>FishDataset735_png_jpg.rf.0a69c44dcbdead209eed54a32ab2a48d.jpg</filename>
	<path>FishDataset735_png_jpg.rf.0a69c44dcbdead209eed54a32ab2a48d.jpg</path>
	<source>
		<database>roboflow.ai</database>
	</source>
	<size>
		<width>416</width>
		<height>416</height>
		<depth>3</depth>
	</size>
	<segmented>0</segmented>
	<object>
		<name>Serranidae -Groupers-</name>
		<pose>Unspecified</pose>
		<truncated>0</truncated>
		<difficult>0</difficult>
		<occluded>0</occluded>
		<bndbox>
			<xmin>30</xmin>
			<xmax>361</xmax>
			<ymin>52</ymin>
			<ymax>377</ymax>
		</bndbox>
	</object>
</annotation>
