<annotation>
	<folder></folder>
	<filename>FishDataset200_png_jpg.rf.ea07786be8ddd7fad80a8e90bfed7c3e.jpg</filename>
	<path>FishDataset200_png_jpg.rf.ea07786be8ddd7fad80a8e90bfed7c3e.jpg</path>
	<source>
		<database>roboflow.ai</database>
	</source>
	<size>
		<width>416</width>
		<height>416</height>
		<depth>3</depth>
	</size>
	<segmented>0</segmented>
	<object>
		<name>Carangidae -Jacks-</name>
		<pose>Unspecified</pose>
		<truncated>0</truncated>
		<difficult>0</difficult>
		<occluded>0</occluded>
		<bndbox>
			<xmin>131</xmin>
			<xmax>358</xmax>
			<ymin>119</ymin>
			<ymax>297</ymax>
		</bndbox>
	</object>
</annotation>
