<annotation>
	<folder></folder>
	<filename>FishDataset207_png_jpg.rf.3500871e9911de919a25d910e2488d53.jpg</filename>
	<path>FishDataset207_png_jpg.rf.3500871e9911de919a25d910e2488d53.jpg</path>
	<source>
		<database>roboflow.ai</database>
	</source>
	<size>
		<width>416</width>
		<height>416</height>
		<depth>3</depth>
	</size>
	<segmented>0</segmented>
	<object>
		<name>Serranidae -Groupers-</name>
		<pose>Unspecified</pose>
		<truncated>0</truncated>
		<difficult>0</difficult>
		<occluded>0</occluded>
		<bndbox>
			<xmin>47</xmin>
			<xmax>339</xmax>
			<ymin>10</ymin>
			<ymax>400</ymax>
		</bndbox>
	</object>
</annotation>
