<annotation>
	<folder></folder>
	<filename>FishDataset137_png_jpg.rf.502188ca3b46f3515b2f7e51b8ad6901.jpg</filename>
	<path>FishDataset137_png_jpg.rf.502188ca3b46f3515b2f7e51b8ad6901.jpg</path>
	<source>
		<database>roboflow.ai</database>
	</source>
	<size>
		<width>416</width>
		<height>416</height>
		<depth>3</depth>
	</size>
	<segmented>0</segmented>
	<object>
		<name>Lutjanidae -Snappers-</name>
		<pose>Unspecified</pose>
		<truncated>0</truncated>
		<difficult>0</difficult>
		<occluded>0</occluded>
		<bndbox>
			<xmin>226</xmin>
			<xmax>410</xmax>
			<ymin>55</ymin>
			<ymax>192</ymax>
		</bndbox>
	</object>
	<object>
		<name>Lutjanidae -Snappers-</name>
		<pose>Unspecified</pose>
		<truncated>0</truncated>
		<difficult>0</difficult>
		<occluded>0</occluded>
		<bndbox>
			<xmin>7</xmin>
			<xmax>405</xmax>
			<ymin>175</ymin>
			<ymax>356</ymax>
		</bndbox>
	</object>
</annotation>
