<annotation>
	<folder></folder>
	<filename>FishDataset26_png_jpg.rf.993d89a0005f99d47a8f696373fe0c2d.jpg</filename>
	<path>FishDataset26_png_jpg.rf.993d89a0005f99d47a8f696373fe0c2d.jpg</path>
	<source>
		<database>roboflow.ai</database>
	</source>
	<size>
		<width>416</width>
		<height>416</height>
		<depth>3</depth>
	</size>
	<segmented>0</segmented>
	<object>
		<name>Acanthuridae -Surgeonfishes-</name>
		<pose>Unspecified</pose>
		<truncated>0</truncated>
		<difficult>0</difficult>
		<occluded>0</occluded>
		<bndbox>
			<xmin>128</xmin>
			<xmax>179</xmax>
			<ymin>152</ymin>
			<ymax>190</ymax>
		</bndbox>
	</object>
	<object>
		<name>Acanthuridae -Surgeonfishes-</name>
		<pose>Unspecified</pose>
		<truncated>0</truncated>
		<difficult>0</difficult>
		<occluded>0</occluded>
		<bndbox>
			<xmin>211</xmin>
			<xmax>243</xmax>
			<ymin>113</ymin>
			<ymax>147</ymax>
		</bndbox>
	</object>
</annotation>
