<annotation>
	<folder></folder>
	<filename>FishDataset708_png_jpg.rf.508b6eb2ecdf134166833f55a1360c87.jpg</filename>
	<path>FishDataset708_png_jpg.rf.508b6eb2ecdf134166833f55a1360c87.jpg</path>
	<source>
		<database>roboflow.ai</database>
	</source>
	<size>
		<width>416</width>
		<height>416</height>
		<depth>3</depth>
	</size>
	<segmented>0</segmented>
	<object>
		<name>Serranidae -Groupers-</name>
		<pose>Unspecified</pose>
		<truncated>0</truncated>
		<difficult>0</difficult>
		<occluded>0</occluded>
		<bndbox>
			<xmin>49</xmin>
			<xmax>401</xmax>
			<ymin>156</ymin>
			<ymax>338</ymax>
		</bndbox>
	</object>
</annotation>
