<annotation>
	<folder></folder>
	<filename>FishDataset176_png_jpg.rf.9cf48f8fe6d0ae888d612156f93e4892.jpg</filename>
	<path>FishDataset176_png_jpg.rf.9cf48f8fe6d0ae888d612156f93e4892.jpg</path>
	<source>
		<database>roboflow.ai</database>
	</source>
	<size>
		<width>416</width>
		<height>416</height>
		<depth>3</depth>
	</size>
	<segmented>0</segmented>
	<object>
		<name>Scaridae -Parrotfishes-</name>
		<pose>Unspecified</pose>
		<truncated>0</truncated>
		<difficult>0</difficult>
		<occluded>0</occluded>
		<bndbox>
			<xmin>39</xmin>
			<xmax>319</xmax>
			<ymin>124</ymin>
			<ymax>271</ymax>
		</bndbox>
	</object>
</annotation>
