<annotation>
	<folder></folder>
	<filename>FishDataset213_png_jpg.rf.1923091e6d4d615a6405472d2cd41ca0.jpg</filename>
	<path>FishDataset213_png_jpg.rf.1923091e6d4d615a6405472d2cd41ca0.jpg</path>
	<source>
		<database>roboflow.ai</database>
	</source>
	<size>
		<width>416</width>
		<height>416</height>
		<depth>3</depth>
	</size>
	<segmented>0</segmented>
	<object>
		<name>Acanthuridae -Surgeonfishes-</name>
		<pose>Unspecified</pose>
		<truncated>0</truncated>
		<difficult>0</difficult>
		<occluded>0</occluded>
		<bndbox>
			<xmin>246</xmin>
			<xmax>318</xmax>
			<ymin>266</ymin>
			<ymax>328</ymax>
		</bndbox>
	</object>
	<object>
		<name>Acanthuridae -Surgeonfishes-</name>
		<pose>Unspecified</pose>
		<truncated>0</truncated>
		<difficult>0</difficult>
		<occluded>0</occluded>
		<bndbox>
			<xmin>286</xmin>
			<xmax>358</xmax>
			<ymin>229</ymin>
			<ymax>286</ymax>
		</bndbox>
	</object>
</annotation>
