<annotation>
	<folder></folder>
	<filename>FishDataset660_png_jpg.rf.1fb0242d074ce4b48c81679a0918f90c.jpg</filename>
	<path>FishDataset660_png_jpg.rf.1fb0242d074ce4b48c81679a0918f90c.jpg</path>
	<source>
		<database>roboflow.ai</database>
	</source>
	<size>
		<width>416</width>
		<height>416</height>
		<depth>3</depth>
	</size>
	<segmented>0</segmented>
	<object>
		<name>Shark -Selachimorpha-</name>
		<pose>Unspecified</pose>
		<truncated>0</truncated>
		<difficult>0</difficult>
		<occluded>0</occluded>
		<bndbox>
			<xmin>5</xmin>
			<xmax>335</xmax>
			<ymin>45</ymin>
			<ymax>335</ymax>
		</bndbox>
	</object>
</annotation>
