<annotation>
	<folder></folder>
	<filename>FishDataset493_png_jpg.rf.92c20c9bf5963313989bfec1c4615c17.jpg</filename>
	<path>FishDataset493_png_jpg.rf.92c20c9bf5963313989bfec1c4615c17.jpg</path>
	<source>
		<database>roboflow.ai</database>
	</source>
	<size>
		<width>416</width>
		<height>416</height>
		<depth>3</depth>
	</size>
	<segmented>0</segmented>
	<object>
		<name>Serranidae -Groupers-</name>
		<pose>Unspecified</pose>
		<truncated>0</truncated>
		<difficult>0</difficult>
		<occluded>0</occluded>
		<bndbox>
			<xmin>17</xmin>
			<xmax>401</xmax>
			<ymin>91</ymin>
			<ymax>347</ymax>
		</bndbox>
	</object>
</annotation>
