<annotation>
	<folder></folder>
	<filename>FishDataset0_png_jpg.rf.2b1ef8b72bc002811b54551c41b241cf.jpg</filename>
	<path>FishDataset0_png_jpg.rf.2b1ef8b72bc002811b54551c41b241cf.jpg</path>
	<source>
		<database>roboflow.ai</database>
	</source>
	<size>
		<width>416</width>
		<height>416</height>
		<depth>3</depth>
	</size>
	<segmented>0</segmented>
	<object>
		<name>jack</name>
		<pose>Unspecified</pose>
		<truncated>0</truncated>
		<difficult>0</difficult>
		<occluded>0</occluded>
		<bndbox>
			<xmin>115</xmin>
			<xmax>199</xmax>
			<ymin>125</ymin>
			<ymax>178</ymax>
		</bndbox>
	</object>
	<object>
		<name>jack</name>
		<pose>Unspecified</pose>
		<truncated>0</truncated>
		<difficult>0</difficult>
		<occluded>0</occluded>
		<bndbox>
			<xmin>217</xmin>
			<xmax>278</xmax>
			<ymin>134</ymin>
			<ymax>185</ymax>
		</bndbox>
	</object>
	<object>
		<name>jack</name>
		<pose>Unspecified</pose>
		<truncated>0</truncated>
		<difficult>0</difficult>
		<occluded>0</occluded>
		<bndbox>
			<xmin>90</xmin>
			<xmax>160</xmax>
			<ymin>161</ymin>
			<ymax>233</ymax>
		</bndbox>
	</object>
	<object>
		<name>jack</name>
		<pose>Unspecified</pose>
		<truncated>0</truncated>
		<difficult>0</difficult>
		<occluded>0</occluded>
		<bndbox>
			<xmin>137</xmin>
			<xmax>219</xmax>
			<ymin>173</ymin>
			<ymax>220</ymax>
		</bndbox>
	</object>
</annotation>
