<annotation>
	<folder></folder>
	<filename>FishDataset60_png_jpg.rf.10e34f5fc8fb0359d2b48520e4dae1fc.jpg</filename>
	<path>FishDataset60_png_jpg.rf.10e34f5fc8fb0359d2b48520e4dae1fc.jpg</path>
	<source>
		<database>roboflow.ai</database>
	</source>
	<size>
		<width>416</width>
		<height>416</height>
		<depth>3</depth>
	</size>
	<segmented>0</segmented>
	<object>
		<name>Serranidae -Groupers-</name>
		<pose>Unspecified</pose>
		<truncated>0</truncated>
		<difficult>0</difficult>
		<occluded>0</occluded>
		<bndbox>
			<xmin>22</xmin>
			<xmax>409</xmax>
			<ymin>11</ymin>
			<ymax>293</ymax>
		</bndbox>
	</object>
</annotation>
