<annotation>
	<folder></folder>
	<filename>FishDataset433_png_jpg.rf.b82f044341d9ff4a88bbc2449d855ffd.jpg</filename>
	<path>FishDataset433_png_jpg.rf.b82f044341d9ff4a88bbc2449d855ffd.jpg</path>
	<source>
		<database>roboflow.ai</database>
	</source>
	<size>
		<width>416</width>
		<height>416</height>
		<depth>3</depth>
	</size>
	<segmented>0</segmented>
	<object>
		<name>Serranidae -Groupers-</name>
		<pose>Unspecified</pose>
		<truncated>0</truncated>
		<difficult>0</difficult>
		<occluded>0</occluded>
		<bndbox>
			<xmin>20</xmin>
			<xmax>338</xmax>
			<ymin>104</ymin>
			<ymax>367</ymax>
		</bndbox>
	</object>
</annotation>
