<annotation>
	<folder></folder>
	<filename>FishDataset31_png_jpg.rf.bbac8711cf52143e92b1b6174f6f1eea.jpg</filename>
	<path>FishDataset31_png_jpg.rf.bbac8711cf52143e92b1b6174f6f1eea.jpg</path>
	<source>
		<database>roboflow.ai</database>
	</source>
	<size>
		<width>416</width>
		<height>416</height>
		<depth>3</depth>
	</size>
	<segmented>0</segmented>
	<object>
		<name>Carangidae -Jacks-</name>
		<pose>Unspecified</pose>
		<truncated>0</truncated>
		<difficult>0</difficult>
		<occluded>0</occluded>
		<bndbox>
			<xmin>38</xmin>
			<xmax>363</xmax>
			<ymin>14</ymin>
			<ymax>355</ymax>
		</bndbox>
	</object>
</annotation>
