<annotation>
	<folder></folder>
	<filename>FishDataset721_png_jpg.rf.cc4f516c4792e638146c668273ff917a.jpg</filename>
	<path>FishDataset721_png_jpg.rf.cc4f516c4792e638146c668273ff917a.jpg</path>
	<source>
		<database>roboflow.ai</database>
	</source>
	<size>
		<width>416</width>
		<height>416</height>
		<depth>3</depth>
	</size>
	<segmented>0</segmented>
	<object>
		<name>shark</name>
		<pose>Unspecified</pose>
		<truncated>0</truncated>
		<difficult>0</difficult>
		<occluded>0</occluded>
		<bndbox>
			<xmin>29</xmin>
			<xmax>373</xmax>
			<ymin>135</ymin>
			<ymax>292</ymax>
		</bndbox>
	</object>
</annotation>
