<annotation>
	<folder></folder>
	<filename>FishDataset645_png_jpg.rf.8dcd6285f99ca1ac29f97ff76fb0b26e.jpg</filename>
	<path>FishDataset645_png_jpg.rf.8dcd6285f99ca1ac29f97ff76fb0b26e.jpg</path>
	<source>
		<database>roboflow.ai</database>
	</source>
	<size>
		<width>416</width>
		<height>416</height>
		<depth>3</depth>
	</size>
	<segmented>0</segmented>
	<object>
		<name>Shark -Selachimorpha-</name>
		<pose>Unspecified</pose>
		<truncated>0</truncated>
		<difficult>0</difficult>
		<occluded>0</occluded>
		<bndbox>
			<xmin>91</xmin>
			<xmax>398</xmax>
			<ymin>69</ymin>
			<ymax>328</ymax>
		</bndbox>
	</object>
</annotation>
