<annotation>
	<folder></folder>
	<filename>FishDataset348_png_jpg.rf.34299db0bddc8ad0f854fadb09d7e011.jpg</filename>
	<path>FishDataset348_png_jpg.rf.34299db0bddc8ad0f854fadb09d7e011.jpg</path>
	<source>
		<database>roboflow.ai</database>
	</source>
	<size>
		<width>416</width>
		<height>416</height>
		<depth>3</depth>
	</size>
	<segmented>0</segmented>
	<object>
		<name>Lutjanidae -Snappers-</name>
		<pose>Unspecified</pose>
		<truncated>0</truncated>
		<difficult>0</difficult>
		<occluded>0</occluded>
		<bndbox>
			<xmin>53</xmin>
			<xmax>392</xmax>
			<ymin>92</ymin>
			<ymax>327</ymax>
		</bndbox>
	</object>
</annotation>
