<annotation>
	<folder></folder>
	<filename>FishDataset225_png_jpg.rf.1a77f64982684c824311b5b67f39af17.jpg</filename>
	<path>FishDataset225_png_jpg.rf.1a77f64982684c824311b5b67f39af17.jpg</path>
	<source>
		<database>roboflow.ai</database>
	</source>
	<size>
		<width>416</width>
		<height>416</height>
		<depth>3</depth>
	</size>
	<segmented>0</segmented>
	<object>
		<name>Acanthuridae -Surgeonfishes-</name>
		<pose>Unspecified</pose>
		<truncated>0</truncated>
		<difficult>0</difficult>
		<occluded>0</occluded>
		<bndbox>
			<xmin>166</xmin>
			<xmax>413</xmax>
			<ymin>99</ymin>
			<ymax>280</ymax>
		</bndbox>
	</object>
</annotation>
