<annotation>
	<folder></folder>
	<filename>FishDataset128_png_jpg.rf.8edf3375e7b02633ea1fc18e192225d9.jpg</filename>
	<path>FishDataset128_png_jpg.rf.8edf3375e7b02633ea1fc18e192225d9.jpg</path>
	<source>
		<database>roboflow.ai</database>
	</source>
	<size>
		<width>416</width>
		<height>416</height>
		<depth>3</depth>
	</size>
	<segmented>0</segmented>
	<object>
		<name>Shark -Selachimorpha-</name>
		<pose>Unspecified</pose>
		<truncated>0</truncated>
		<difficult>0</difficult>
		<occluded>0</occluded>
		<bndbox>
			<xmin>1</xmin>
			<xmax>380</xmax>
			<ymin>102</ymin>
			<ymax>294</ymax>
		</bndbox>
	</object>
</annotation>
