<annotation>
	<folder></folder>
	<filename>FishDataset543_png_jpg.rf.e17a6b008efe75aec397da488e288b0c.jpg</filename>
	<path>FishDataset543_png_jpg.rf.e17a6b008efe75aec397da488e288b0c.jpg</path>
	<source>
		<database>roboflow.ai</database>
	</source>
	<size>
		<width>416</width>
		<height>416</height>
		<depth>3</depth>
	</size>
	<segmented>0</segmented>
	<object>
		<name>Pomacentridae -Damselfishes-</name>
		<pose>Unspecified</pose>
		<truncated>0</truncated>
		<difficult>0</difficult>
		<occluded>0</occluded>
		<bndbox>
			<xmin>139</xmin>
			<xmax>187</xmax>
			<ymin>57</ymin>
			<ymax>132</ymax>
		</bndbox>
	</object>
	<object>
		<name>Scaridae -Parrotfishes-</name>
		<pose>Unspecified</pose>
		<truncated>0</truncated>
		<difficult>0</difficult>
		<occluded>0</occluded>
		<bndbox>
			<xmin>28</xmin>
			<xmax>384</xmax>
			<ymin>113</ymin>
			<ymax>280</ymax>
		</bndbox>
	</object>
</annotation>
