<annotation>
	<folder></folder>
	<filename>FishDataset548_png_jpg.rf.dae38fdc17629d834a4ee31d9861153a.jpg</filename>
	<path>FishDataset548_png_jpg.rf.dae38fdc17629d834a4ee31d9861153a.jpg</path>
	<source>
		<database>roboflow.ai</database>
	</source>
	<size>
		<width>416</width>
		<height>416</height>
		<depth>3</depth>
	</size>
	<segmented>0</segmented>
	<object>
		<name>Lutjanidae -Snappers-</name>
		<pose>Unspecified</pose>
		<truncated>0</truncated>
		<difficult>0</difficult>
		<occluded>0</occluded>
		<bndbox>
			<xmin>114</xmin>
			<xmax>288</xmax>
			<ymin>179</ymin>
			<ymax>338</ymax>
		</bndbox>
	</object>
	<object>
		<name>Pomacanthidae -Angelfishes-</name>
		<pose>Unspecified</pose>
		<truncated>0</truncated>
		<difficult>0</difficult>
		<occluded>0</occluded>
		<bndbox>
			<xmin>176</xmin>
			<xmax>258</xmax>
			<ymin>37</ymin>
			<ymax>123</ymax>
		</bndbox>
	</object>
</annotation>
