<annotation>
	<folder></folder>
	<filename>FishDataset556_png_jpg.rf.b33ae121d23b23f44826ba09bdda84be.jpg</filename>
	<path>FishDataset556_png_jpg.rf.b33ae121d23b23f44826ba09bdda84be.jpg</path>
	<source>
		<database>roboflow.ai</database>
	</source>
	<size>
		<width>416</width>
		<height>416</height>
		<depth>3</depth>
	</size>
	<segmented>0</segmented>
	<object>
		<name>Shark -Selachimorpha-</name>
		<pose>Unspecified</pose>
		<truncated>0</truncated>
		<difficult>0</difficult>
		<occluded>0</occluded>
		<bndbox>
			<xmin>1</xmin>
			<xmax>314</xmax>
			<ymin>147</ymin>
			<ymax>411</ymax>
		</bndbox>
	</object>
	<object>
		<name>Shark -Selachimorpha-</name>
		<pose>Unspecified</pose>
		<truncated>0</truncated>
		<difficult>0</difficult>
		<occluded>0</occluded>
		<bndbox>
			<xmin>276</xmin>
			<xmax>336</xmax>
			<ymin>132</ymin>
			<ymax>209</ymax>
		</bndbox>
	</object>
</annotation>
