<annotation>
	<folder></folder>
	<filename>FishDataset459_png_jpg.rf.5f736ca102b3b817f639867eedc850a5.jpg</filename>
	<path>FishDataset459_png_jpg.rf.5f736ca102b3b817f639867eedc850a5.jpg</path>
	<source>
		<database>roboflow.ai</database>
	</source>
	<size>
		<width>416</width>
		<height>416</height>
		<depth>3</depth>
	</size>
	<segmented>0</segmented>
	<object>
		<name>Shark -Selachimorpha-</name>
		<pose>Unspecified</pose>
		<truncated>0</truncated>
		<difficult>0</difficult>
		<occluded>0</occluded>
		<bndbox>
			<xmin>120</xmin>
			<xmax>407</xmax>
			<ymin>97</ymin>
			<ymax>300</ymax>
		</bndbox>
	</object>
</annotation>
