<annotation>
	<folder></folder>
	<filename>FishDataset691_png_jpg.rf.bcda540ddf1bc5d8d8debf93db242124.jpg</filename>
	<path>FishDataset691_png_jpg.rf.bcda540ddf1bc5d8d8debf93db242124.jpg</path>
	<source>
		<database>roboflow.ai</database>
	</source>
	<size>
		<width>416</width>
		<height>416</height>
		<depth>3</depth>
	</size>
	<segmented>0</segmented>
	<object>
		<name>Scombridae -Tunas-</name>
		<pose>Unspecified</pose>
		<truncated>0</truncated>
		<difficult>0</difficult>
		<occluded>0</occluded>
		<bndbox>
			<xmin>66</xmin>
			<xmax>362</xmax>
			<ymin>89</ymin>
			<ymax>325</ymax>
		</bndbox>
	</object>
</annotation>
