<annotation>
	<folder></folder>
	<filename>FishDataset302_png_jpg.rf.4478f303334d61791dc20b592ff639ac.jpg</filename>
	<path>FishDataset302_png_jpg.rf.4478f303334d61791dc20b592ff639ac.jpg</path>
	<source>
		<database>roboflow.ai</database>
	</source>
	<size>
		<width>416</width>
		<height>416</height>
		<depth>3</depth>
	</size>
	<segmented>0</segmented>
	<object>
		<name>tuna</name>
		<pose>Unspecified</pose>
		<truncated>0</truncated>
		<difficult>0</difficult>
		<occluded>0</occluded>
		<bndbox>
			<xmin>31</xmin>
			<xmax>330</xmax>
			<ymin>166</ymin>
			<ymax>313</ymax>
		</bndbox>
	</object>
</annotation>
