<annotation>
	<folder></folder>
	<filename>FishDataset258_png_jpg.rf.d7848bf5d4cea2faf7d6738cff5c9e1e.jpg</filename>
	<path>FishDataset258_png_jpg.rf.d7848bf5d4cea2faf7d6738cff5c9e1e.jpg</path>
	<source>
		<database>roboflow.ai</database>
	</source>
	<size>
		<width>416</width>
		<height>416</height>
		<depth>3</depth>
	</size>
	<segmented>0</segmented>
	<object>
		<name>Scaridae -Parrotfishes-</name>
		<pose>Unspecified</pose>
		<truncated>0</truncated>
		<difficult>0</difficult>
		<occluded>0</occluded>
		<bndbox>
			<xmin>130</xmin>
			<xmax>317</xmax>
			<ymin>167</ymin>
			<ymax>312</ymax>
		</bndbox>
	</object>
</annotation>
