<annotation>
	<folder></folder>
	<filename>FishDataset301_png_jpg.rf.c5b557366d02023cb48109abb6c26021.jpg</filename>
	<path>FishDataset301_png_jpg.rf.c5b557366d02023cb48109abb6c26021.jpg</path>
	<source>
		<database>roboflow.ai</database>
	</source>
	<size>
		<width>416</width>
		<height>416</height>
		<depth>3</depth>
	</size>
	<segmented>0</segmented>
	<object>
		<name>snapper</name>
		<pose>Unspecified</pose>
		<truncated>0</truncated>
		<difficult>0</difficult>
		<occluded>0</occluded>
		<bndbox>
			<xmin>9</xmin>
			<xmax>416</xmax>
			<ymin>79</ymin>
			<ymax>347</ymax>
		</bndbox>
	</object>
</annotation>
