<annotation>
	<folder></folder>
	<filename>FishDataset425_png_jpg.rf.b1fde27da2720cbb2aa9e4005f286875.jpg</filename>
	<path>FishDataset425_png_jpg.rf.b1fde27da2720cbb2aa9e4005f286875.jpg</path>
	<source>
		<database>roboflow.ai</database>
	</source>
	<size>
		<width>416</width>
		<height>416</height>
		<depth>3</depth>
	</size>
	<segmented>0</segmented>
	<object>
		<name>Lutjanidae -Snappers-</name>
		<pose>Unspecified</pose>
		<truncated>0</truncated>
		<difficult>0</difficult>
		<occluded>0</occluded>
		<bndbox>
			<xmin>60</xmin>
			<xmax>312</xmax>
			<ymin>128</ymin>
			<ymax>271</ymax>
		</bndbox>
	</object>
</annotation>
