<annotation>
	<folder></folder>
	<filename>FishDataset521_png_jpg.rf.9bbbbaf012fdbb712a3ba25a6bcce7f7.jpg</filename>
	<path>FishDataset521_png_jpg.rf.9bbbbaf012fdbb712a3ba25a6bcce7f7.jpg</path>
	<source>
		<database>roboflow.ai</database>
	</source>
	<size>
		<width>416</width>
		<height>416</height>
		<depth>3</depth>
	</size>
	<segmented>0</segmented>
	<object>
		<name>tuna</name>
		<pose>Unspecified</pose>
		<truncated>0</truncated>
		<difficult>0</difficult>
		<occluded>0</occluded>
		<bndbox>
			<xmin>1</xmin>
			<xmax>413</xmax>
			<ymin>165</ymin>
			<ymax>401</ymax>
		</bndbox>
	</object>
</annotation>
