<annotation>
	<folder></folder>
	<filename>FishDataset664_png_jpg.rf.21b86d7eacefdc34d716bbac75297034.jpg</filename>
	<path>FishDataset664_png_jpg.rf.21b86d7eacefdc34d716bbac75297034.jpg</path>
	<source>
		<database>roboflow.ai</database>
	</source>
	<size>
		<width>416</width>
		<height>416</height>
		<depth>3</depth>
	</size>
	<segmented>0</segmented>
	<object>
		<name>parrot</name>
		<pose>Unspecified</pose>
		<truncated>0</truncated>
		<difficult>0</difficult>
		<occluded>0</occluded>
		<bndbox>
			<xmin>89</xmin>
			<xmax>231</xmax>
			<ymin>137</ymin>
			<ymax>259</ymax>
		</bndbox>
	</object>
</annotation>
