<annotation>
	<folder></folder>
	<filename>FishDataset635_png_jpg.rf.a6c589600683cfed75224c033fe2774f.jpg</filename>
	<path>FishDataset635_png_jpg.rf.a6c589600683cfed75224c033fe2774f.jpg</path>
	<source>
		<database>roboflow.ai</database>
	</source>
	<size>
		<width>416</width>
		<height>416</height>
		<depth>3</depth>
	</size>
	<segmented>0</segmented>
	<object>
		<name>Carangidae -Jacks-</name>
		<pose>Unspecified</pose>
		<truncated>0</truncated>
		<difficult>0</difficult>
		<occluded>0</occluded>
		<bndbox>
			<xmin>7</xmin>
			<xmax>178</xmax>
			<ymin>35</ymin>
			<ymax>134</ymax>
		</bndbox>
	</object>
	<object>
		<name>Carangidae -Jacks-</name>
		<pose>Unspecified</pose>
		<truncated>0</truncated>
		<difficult>0</difficult>
		<occluded>0</occluded>
		<bndbox>
			<xmin>212</xmin>
			<xmax>408</xmax>
			<ymin>61</ymin>
			<ymax>173</ymax>
		</bndbox>
	</object>
	<object>
		<name>Carangidae -Jacks-</name>
		<pose>Unspecified</pose>
		<truncated>0</truncated>
		<difficult>0</difficult>
		<occluded>0</occluded>
		<bndbox>
			<xmin>48</xmin>
			<xmax>255</xmax>
			<ymin>130</ymin>
			<ymax>235</ymax>
		</bndbox>
	</object>
</annotation>
