<annotation>
	<folder></folder>
	<filename>FishDataset718_png_jpg.rf.02183b5fc53a7acae57cd715c2c96dcc.jpg</filename>
	<path>FishDataset718_png_jpg.rf.02183b5fc53a7acae57cd715c2c96dcc.jpg</path>
	<source>
		<database>roboflow.ai</database>
	</source>
	<size>
		<width>416</width>
		<height>416</height>
		<depth>3</depth>
	</size>
	<segmented>0</segmented>
	<object>
		<name>Carangidae -Jacks-</name>
		<pose>Unspecified</pose>
		<truncated>0</truncated>
		<difficult>0</difficult>
		<occluded>0</occluded>
		<bndbox>
			<xmin>191</xmin>
			<xmax>263</xmax>
			<ymin>140</ymin>
			<ymax>230</ymax>
		</bndbox>
	</object>
</annotation>
