<annotation>
	<folder></folder>
	<filename>FishDataset518_png_jpg.rf.e7a89015f87dbcc664b40cd05b83dbf4.jpg</filename>
	<path>FishDataset518_png_jpg.rf.e7a89015f87dbcc664b40cd05b83dbf4.jpg</path>
	<source>
		<database>roboflow.ai</database>
	</source>
	<size>
		<width>416</width>
		<height>416</height>
		<depth>3</depth>
	</size>
	<segmented>0</segmented>
	<object>
		<name>surgeon</name>
		<pose>Unspecified</pose>
		<truncated>0</truncated>
		<difficult>0</difficult>
		<occluded>0</occluded>
		<bndbox>
			<xmin>66</xmin>
			<xmax>393</xmax>
			<ymin>127</ymin>
			<ymax>307</ymax>
		</bndbox>
	</object>
</annotation>
