<annotation>
	<folder></folder>
	<filename>FishDataset638_png_jpg.rf.1fed2f4105022156869457da299c9d8c.jpg</filename>
	<path>FishDataset638_png_jpg.rf.1fed2f4105022156869457da299c9d8c.jpg</path>
	<source>
		<database>roboflow.ai</database>
	</source>
	<size>
		<width>416</width>
		<height>416</height>
		<depth>3</depth>
	</size>
	<segmented>0</segmented>
	<object>
		<name>Scaridae -Parrotfishes-</name>
		<pose>Unspecified</pose>
		<truncated>0</truncated>
		<difficult>0</difficult>
		<occluded>0</occluded>
		<bndbox>
			<xmin>17</xmin>
			<xmax>404</xmax>
			<ymin>73</ymin>
			<ymax>287</ymax>
		</bndbox>
	</object>
</annotation>
