<annotation>
	<folder></folder>
	<filename>FishDataset673_png_jpg.rf.2be5432e36b93b861113f4d74d2fd885.jpg</filename>
	<path>FishDataset673_png_jpg.rf.2be5432e36b93b861113f4d74d2fd885.jpg</path>
	<source>
		<database>roboflow.ai</database>
	</source>
	<size>
		<width>416</width>
		<height>416</height>
		<depth>3</depth>
	</size>
	<segmented>0</segmented>
	<object>
		<name>Acanthuridae -Surgeonfishes-</name>
		<pose>Unspecified</pose>
		<truncated>0</truncated>
		<difficult>0</difficult>
		<occluded>0</occluded>
		<bndbox>
			<xmin>255</xmin>
			<xmax>336</xmax>
			<ymin>39</ymin>
			<ymax>260</ymax>
		</bndbox>
	</object>
	<object>
		<name>Acanthuridae -Surgeonfishes-</name>
		<pose>Unspecified</pose>
		<truncated>0</truncated>
		<difficult>0</difficult>
		<occluded>0</occluded>
		<bndbox>
			<xmin>237</xmin>
			<xmax>336</xmax>
			<ymin>212</ymin>
			<ymax>377</ymax>
		</bndbox>
	</object>
	<object>
		<name>Acanthuridae -Surgeonfishes-</name>
		<pose>Unspecified</pose>
		<truncated>0</truncated>
		<difficult>0</difficult>
		<occluded>0</occluded>
		<bndbox>
			<xmin>84</xmin>
			<xmax>205</xmax>
			<ymin>10</ymin>
			<ymax>296</ymax>
		</bndbox>
	</object>
</annotation>
