<annotation>
	<folder></folder>
	<filename>FishDataset571_png_jpg.rf.404130ead96b20324e69cb1ed5841578.jpg</filename>
	<path>FishDataset571_png_jpg.rf.404130ead96b20324e69cb1ed5841578.jpg</path>
	<source>
		<database>roboflow.ai</database>
	</source>
	<size>
		<width>416</width>
		<height>416</height>
		<depth>3</depth>
	</size>
	<segmented>0</segmented>
	<object>
		<name>Serranidae -Groupers-</name>
		<pose>Unspecified</pose>
		<truncated>0</truncated>
		<difficult>0</difficult>
		<occluded>0</occluded>
		<bndbox>
			<xmin>28</xmin>
			<xmax>187</xmax>
			<ymin>80</ymin>
			<ymax>270</ymax>
		</bndbox>
	</object>
</annotation>
