<annotation>
	<folder></folder>
	<filename>FishDataset350_png_jpg.rf.10ce1621b5ab4193d81b64836c72fe04.jpg</filename>
	<path>FishDataset350_png_jpg.rf.10ce1621b5ab4193d81b64836c72fe04.jpg</path>
	<source>
		<database>roboflow.ai</database>
	</source>
	<size>
		<width>416</width>
		<height>416</height>
		<depth>3</depth>
	</size>
	<segmented>0</segmented>
	<object>
		<name>Scaridae -Parrotfishes-</name>
		<pose>Unspecified</pose>
		<truncated>0</truncated>
		<difficult>0</difficult>
		<occluded>0</occluded>
		<bndbox>
			<xmin>59</xmin>
			<xmax>361</xmax>
			<ymin>144</ymin>
			<ymax>302</ymax>
		</bndbox>
	</object>
</annotation>
