<annotation>
	<folder></folder>
	<filename>FishDataset347_png_jpg.rf.e76ccf2c80fce56c8eb5ba84477a08fe.jpg</filename>
	<path>FishDataset347_png_jpg.rf.e76ccf2c80fce56c8eb5ba84477a08fe.jpg</path>
	<source>
		<database>roboflow.ai</database>
	</source>
	<size>
		<width>416</width>
		<height>416</height>
		<depth>3</depth>
	</size>
	<segmented>0</segmented>
	<object>
		<name>Carangidae -Jacks-</name>
		<pose>Unspecified</pose>
		<truncated>0</truncated>
		<difficult>0</difficult>
		<occluded>0</occluded>
		<bndbox>
			<xmin>36</xmin>
			<xmax>331</xmax>
			<ymin>59</ymin>
			<ymax>278</ymax>
		</bndbox>
	</object>
	<object>
		<name>Carangidae -Jacks-</name>
		<pose>Unspecified</pose>
		<truncated>0</truncated>
		<difficult>0</difficult>
		<occluded>0</occluded>
		<bndbox>
			<xmin>38</xmin>
			<xmax>364</xmax>
			<ymin>157</ymin>
			<ymax>389</ymax>
		</bndbox>
	</object>
</annotation>
