<annotation>
	<folder></folder>
	<filename>FishDataset519_png_jpg.rf.6f61141402a24f2fbeec45d9b3cb9dd7.jpg</filename>
	<path>FishDataset519_png_jpg.rf.6f61141402a24f2fbeec45d9b3cb9dd7.jpg</path>
	<source>
		<database>roboflow.ai</database>
	</source>
	<size>
		<width>416</width>
		<height>416</height>
		<depth>3</depth>
	</size>
	<segmented>0</segmented>
	<object>
		<name>Acanthuridae -Surgeonfishes-</name>
		<pose>Unspecified</pose>
		<truncated>0</truncated>
		<difficult>0</difficult>
		<occluded>0</occluded>
		<bndbox>
			<xmin>98</xmin>
			<xmax>332</xmax>
			<ymin>65</ymin>
			<ymax>355</ymax>
		</bndbox>
	</object>
</annotation>
