<annotation>
	<folder></folder>
	<filename>FishDataset734_png_jpg.rf.4fbaa285dcc244d82be3959f08f4ceb8.jpg</filename>
	<path>FishDataset734_png_jpg.rf.4fbaa285dcc244d82be3959f08f4ceb8.jpg</path>
	<source>
		<database>roboflow.ai</database>
	</source>
	<size>
		<width>416</width>
		<height>416</height>
		<depth>3</depth>
	</size>
	<segmented>0</segmented>
	<object>
		<name>Scombridae -Tunas-</name>
		<pose>Unspecified</pose>
		<truncated>0</truncated>
		<difficult>0</difficult>
		<occluded>0</occluded>
		<bndbox>
			<xmin>10</xmin>
			<xmax>172</xmax>
			<ymin>6</ymin>
			<ymax>122</ymax>
		</bndbox>
	</object>
	<object>
		<name>Scombridae -Tunas-</name>
		<pose>Unspecified</pose>
		<truncated>0</truncated>
		<difficult>0</difficult>
		<occluded>0</occluded>
		<bndbox>
			<xmin>72</xmin>
			<xmax>280</xmax>
			<ymin>99</ymin>
			<ymax>229</ymax>
		</bndbox>
	</object>
	<object>
		<name>Scombridae -Tunas-</name>
		<pose>Unspecified</pose>
		<truncated>0</truncated>
		<difficult>0</difficult>
		<occluded>0</occluded>
		<bndbox>
			<xmin>68</xmin>
			<xmax>388</xmax>
			<ymin>231</ymin>
			<ymax>412</ymax>
		</bndbox>
	</object>
</annotation>
