<annotation>
	<folder></folder>
	<filename>FishDataset561_png_jpg.rf.ffd72ef905a85ffc3b4b60ad1c4bdf17.jpg</filename>
	<path>FishDataset561_png_jpg.rf.ffd72ef905a85ffc3b4b60ad1c4bdf17.jpg</path>
	<source>
		<database>roboflow.ai</database>
	</source>
	<size>
		<width>416</width>
		<height>416</height>
		<depth>3</depth>
	</size>
	<segmented>0</segmented>
	<object>
		<name>Lutjanidae -Snappers-</name>
		<pose>Unspecified</pose>
		<truncated>0</truncated>
		<difficult>0</difficult>
		<occluded>0</occluded>
		<bndbox>
			<xmin>145</xmin>
			<xmax>302</xmax>
			<ymin>53</ymin>
			<ymax>156</ymax>
		</bndbox>
	</object>
	<object>
		<name>Lutjanidae -Snappers-</name>
		<pose>Unspecified</pose>
		<truncated>0</truncated>
		<difficult>0</difficult>
		<occluded>0</occluded>
		<bndbox>
			<xmin>277</xmin>
			<xmax>416</xmax>
			<ymin>226</ymin>
			<ymax>315</ymax>
		</bndbox>
	</object>
	<object>
		<name>Lutjanidae -Snappers-</name>
		<pose>Unspecified</pose>
		<truncated>0</truncated>
		<difficult>0</difficult>
		<occluded>0</occluded>
		<bndbox>
			<xmin>38</xmin>
			<xmax>182</xmax>
			<ymin>157</ymin>
			<ymax>243</ymax>
		</bndbox>
	</object>
	<object>
		<name>Lutjanidae -Snappers-</name>
		<pose>Unspecified</pose>
		<truncated>0</truncated>
		<difficult>0</difficult>
		<occluded>0</occluded>
		<bndbox>
			<xmin>165</xmin>
			<xmax>272</xmax>
			<ymin>272</ymin>
			<ymax>416</ymax>
		</bndbox>
	</object>
</annotation>
