<annotation>
	<folder></folder>
	<filename>FishDataset504_png_jpg.rf.644bae329cf5737cf0919ebc69b232c8.jpg</filename>
	<path>FishDataset504_png_jpg.rf.644bae329cf5737cf0919ebc69b232c8.jpg</path>
	<source>
		<database>roboflow.ai</database>
	</source>
	<size>
		<width>416</width>
		<height>416</height>
		<depth>3</depth>
	</size>
	<segmented>0</segmented>
	<object>
		<name>Serranidae -Groupers-</name>
		<pose>Unspecified</pose>
		<truncated>0</truncated>
		<difficult>0</difficult>
		<occluded>0</occluded>
		<bndbox>
			<xmin>43</xmin>
			<xmax>390</xmax>
			<ymin>48</ymin>
			<ymax>356</ymax>
		</bndbox>
	</object>
</annotation>
