<annotation>
	<folder></folder>
	<filename>FishDataset497_png_jpg.rf.93f7c5b47a4ea8c3bda0af5f1015ec70.jpg</filename>
	<path>FishDataset497_png_jpg.rf.93f7c5b47a4ea8c3bda0af5f1015ec70.jpg</path>
	<source>
		<database>roboflow.ai</database>
	</source>
	<size>
		<width>416</width>
		<height>416</height>
		<depth>3</depth>
	</size>
	<segmented>0</segmented>
	<object>
		<name>Lutjanidae -Snappers-</name>
		<pose>Unspecified</pose>
		<truncated>0</truncated>
		<difficult>0</difficult>
		<occluded>0</occluded>
		<bndbox>
			<xmin>66</xmin>
			<xmax>395</xmax>
			<ymin>19</ymin>
			<ymax>285</ymax>
		</bndbox>
	</object>
	<object>
		<name>Lutjanidae -Snappers-</name>
		<pose>Unspecified</pose>
		<truncated>0</truncated>
		<difficult>0</difficult>
		<occluded>0</occluded>
		<bndbox>
			<xmin>23</xmin>
			<xmax>282</xmax>
			<ymin>197</ymin>
			<ymax>366</ymax>
		</bndbox>
	</object>
</annotation>
