<annotation>
	<folder></folder>
	<filename>FishDataset442_png_jpg.rf.ff03a8b0537a07ccd7f2ad108dc057fe.jpg</filename>
	<path>FishDataset442_png_jpg.rf.ff03a8b0537a07ccd7f2ad108dc057fe.jpg</path>
	<source>
		<database>roboflow.ai</database>
	</source>
	<size>
		<width>416</width>
		<height>416</height>
		<depth>3</depth>
	</size>
	<segmented>0</segmented>
	<object>
		<name>Carangidae -Jacks-</name>
		<pose>Unspecified</pose>
		<truncated>0</truncated>
		<difficult>0</difficult>
		<occluded>0</occluded>
		<bndbox>
			<xmin>43</xmin>
			<xmax>224</xmax>
			<ymin>225</ymin>
			<ymax>353</ymax>
		</bndbox>
	</object>
	<object>
		<name>Scaridae -Parrotfishes-</name>
		<pose>Unspecified</pose>
		<truncated>0</truncated>
		<difficult>0</difficult>
		<occluded>0</occluded>
		<bndbox>
			<xmin>171</xmin>
			<xmax>292</xmax>
			<ymin>123</ymin>
			<ymax>240</ymax>
		</bndbox>
	</object>
	<object>
		<name>Balistidae -Triggerfishes-</name>
		<pose>Unspecified</pose>
		<truncated>0</truncated>
		<difficult>0</difficult>
		<occluded>0</occluded>
		<bndbox>
			<xmin>300</xmin>
			<xmax>348</xmax>
			<ymin>163</ymin>
			<ymax>320</ymax>
		</bndbox>
	</object>
</annotation>
