<annotation>
	<folder></folder>
	<filename>FishDataset54_png_jpg.rf.09d90ec06b802b79d34c13499872f691.jpg</filename>
	<path>FishDataset54_png_jpg.rf.09d90ec06b802b79d34c13499872f691.jpg</path>
	<source>
		<database>roboflow.ai</database>
	</source>
	<size>
		<width>416</width>
		<height>416</height>
		<depth>3</depth>
	</size>
	<segmented>0</segmented>
	<object>
		<name>Serranidae -Groupers-</name>
		<pose>Unspecified</pose>
		<truncated>0</truncated>
		<difficult>0</difficult>
		<occluded>0</occluded>
		<bndbox>
			<xmin>136</xmin>
			<xmax>275</xmax>
			<ymin>165</ymin>
			<ymax>228</ymax>
		</bndbox>
	</object>
</annotation>
