<annotation>
	<folder></folder>
	<filename>FishDataset372_png_jpg.rf.b3e336800dbd48cfb45e27574b4945e5.jpg</filename>
	<path>FishDataset372_png_jpg.rf.b3e336800dbd48cfb45e27574b4945e5.jpg</path>
	<source>
		<database>roboflow.ai</database>
	</source>
	<size>
		<width>416</width>
		<height>416</height>
		<depth>3</depth>
	</size>
	<segmented>0</segmented>
	<object>
		<name>tuna</name>
		<pose>Unspecified</pose>
		<truncated>0</truncated>
		<difficult>0</difficult>
		<occluded>0</occluded>
		<bndbox>
			<xmin>22</xmin>
			<xmax>407</xmax>
			<ymin>84</ymin>
			<ymax>413</ymax>
		</bndbox>
	</object>
</annotation>
