<annotation>
	<folder></folder>
	<filename>FishDataset573_png_jpg.rf.6223d1cec298ad5fe6d27bee58a9fa1a.jpg</filename>
	<path>FishDataset573_png_jpg.rf.6223d1cec298ad5fe6d27bee58a9fa1a.jpg</path>
	<source>
		<database>roboflow.ai</database>
	</source>
	<size>
		<width>416</width>
		<height>416</height>
		<depth>3</depth>
	</size>
	<segmented>0</segmented>
	<object>
		<name>Carangidae -Jacks-</name>
		<pose>Unspecified</pose>
		<truncated>0</truncated>
		<difficult>0</difficult>
		<occluded>0</occluded>
		<bndbox>
			<xmin>181</xmin>
			<xmax>382</xmax>
			<ymin>42</ymin>
			<ymax>389</ymax>
		</bndbox>
	</object>
</annotation>
