<annotation>
	<folder></folder>
	<filename>FishDataset716_png_jpg.rf.79a625622c4675ee1b1a035b6e74c2a1.jpg</filename>
	<path>FishDataset716_png_jpg.rf.79a625622c4675ee1b1a035b6e74c2a1.jpg</path>
	<source>
		<database>roboflow.ai</database>
	</source>
	<size>
		<width>416</width>
		<height>416</height>
		<depth>3</depth>
	</size>
	<segmented>0</segmented>
	<object>
		<name>Scombridae -Tunas-</name>
		<pose>Unspecified</pose>
		<truncated>0</truncated>
		<difficult>0</difficult>
		<occluded>0</occluded>
		<bndbox>
			<xmin>70</xmin>
			<xmax>416</xmax>
			<ymin>77</ymin>
			<ymax>380</ymax>
		</bndbox>
	</object>
</annotation>
