<annotation>
	<folder></folder>
	<filename>FishDataset367_png_jpg.rf.3c8cb1bb77776d2c871182d8ae16d9e2.jpg</filename>
	<path>FishDataset367_png_jpg.rf.3c8cb1bb77776d2c871182d8ae16d9e2.jpg</path>
	<source>
		<database>roboflow.ai</database>
	</source>
	<size>
		<width>416</width>
		<height>416</height>
		<depth>3</depth>
	</size>
	<segmented>0</segmented>
	<object>
		<name>Shark -Selachimorpha-</name>
		<pose>Unspecified</pose>
		<truncated>0</truncated>
		<difficult>0</difficult>
		<occluded>0</occluded>
		<bndbox>
			<xmin>117</xmin>
			<xmax>325</xmax>
			<ymin>20</ymin>
			<ymax>263</ymax>
		</bndbox>
	</object>
</annotation>
