<annotation>
	<folder></folder>
	<filename>FishDataset363_png_jpg.rf.4fdfec5dc28a9f500bd8f53f6a111a41.jpg</filename>
	<path>FishDataset363_png_jpg.rf.4fdfec5dc28a9f500bd8f53f6a111a41.jpg</path>
	<source>
		<database>roboflow.ai</database>
	</source>
	<size>
		<width>416</width>
		<height>416</height>
		<depth>3</depth>
	</size>
	<segmented>0</segmented>
	<object>
		<name>Scaridae -Parrotfishes-</name>
		<pose>Unspecified</pose>
		<truncated>0</truncated>
		<difficult>0</difficult>
		<occluded>0</occluded>
		<bndbox>
			<xmin>77</xmin>
			<xmax>327</xmax>
			<ymin>25</ymin>
			<ymax>413</ymax>
		</bndbox>
	</object>
</annotation>
