<annotation>
	<folder></folder>
	<filename>FishDataset280_png_jpg.rf.ea27912436d8bd2ca2b57534f198286e.jpg</filename>
	<path>FishDataset280_png_jpg.rf.ea27912436d8bd2ca2b57534f198286e.jpg</path>
	<source>
		<database>roboflow.ai</database>
	</source>
	<size>
		<width>416</width>
		<height>416</height>
		<depth>3</depth>
	</size>
	<segmented>0</segmented>
	<object>
		<name>Lutjanidae -Snappers-</name>
		<pose>Unspecified</pose>
		<truncated>0</truncated>
		<difficult>0</difficult>
		<occluded>0</occluded>
		<bndbox>
			<xmin>84</xmin>
			<xmax>281</xmax>
			<ymin>102</ymin>
			<ymax>269</ymax>
		</bndbox>
	</object>
</annotation>
