<annotation>
	<folder></folder>
	<filename>FishDataset667_png_jpg.rf.5e6c3ebe5725b9b6f31456ba3aceaed0.jpg</filename>
	<path>FishDataset667_png_jpg.rf.5e6c3ebe5725b9b6f31456ba3aceaed0.jpg</path>
	<source>
		<database>roboflow.ai</database>
	</source>
	<size>
		<width>416</width>
		<height>416</height>
		<depth>3</depth>
	</size>
	<segmented>0</segmented>
	<object>
		<name>Lutjanidae -Snappers-</name>
		<pose>Unspecified</pose>
		<truncated>0</truncated>
		<difficult>0</difficult>
		<occluded>0</occluded>
		<bndbox>
			<xmin>168</xmin>
			<xmax>303</xmax>
			<ymin>103</ymin>
			<ymax>208</ymax>
		</bndbox>
	</object>
	<object>
		<name>Lutjanidae -Snappers-</name>
		<pose>Unspecified</pose>
		<truncated>0</truncated>
		<difficult>0</difficult>
		<occluded>0</occluded>
		<bndbox>
			<xmin>87</xmin>
			<xmax>217</xmax>
			<ymin>199</ymin>
			<ymax>315</ymax>
		</bndbox>
	</object>
</annotation>
