<annotation>
	<folder></folder>
	<filename>FishDataset358_png_jpg.rf.3571976f5cde79c052bd0f57f9a2e8a4.jpg</filename>
	<path>FishDataset358_png_jpg.rf.3571976f5cde79c052bd0f57f9a2e8a4.jpg</path>
	<source>
		<database>roboflow.ai</database>
	</source>
	<size>
		<width>416</width>
		<height>416</height>
		<depth>3</depth>
	</size>
	<segmented>0</segmented>
	<object>
		<name>Scaridae -Parrotfishes-</name>
		<pose>Unspecified</pose>
		<truncated>0</truncated>
		<difficult>0</difficult>
		<occluded>0</occluded>
		<bndbox>
			<xmin>148</xmin>
			<xmax>277</xmax>
			<ymin>185</ymin>
			<ymax>327</ymax>
		</bndbox>
	</object>
</annotation>
