<annotation>
	<folder></folder>
	<filename>FishDataset680_png_jpg.rf.eddb66adf50358b2423060eb579ea35d.jpg</filename>
	<path>FishDataset680_png_jpg.rf.eddb66adf50358b2423060eb579ea35d.jpg</path>
	<source>
		<database>roboflow.ai</database>
	</source>
	<size>
		<width>416</width>
		<height>416</height>
		<depth>3</depth>
	</size>
	<segmented>0</segmented>
	<object>
		<name>Scombridae -Tunas-</name>
		<pose>Unspecified</pose>
		<truncated>0</truncated>
		<difficult>0</difficult>
		<occluded>0</occluded>
		<bndbox>
			<xmin>34</xmin>
			<xmax>388</xmax>
			<ymin>118</ymin>
			<ymax>297</ymax>
		</bndbox>
	</object>
</annotation>
