<annotation>
	<folder></folder>
	<filename>FishDataset595_png_jpg.rf.e6e247be6dc36f94d5b97946bf4c8887.jpg</filename>
	<path>FishDataset595_png_jpg.rf.e6e247be6dc36f94d5b97946bf4c8887.jpg</path>
	<source>
		<database>roboflow.ai</database>
	</source>
	<size>
		<width>416</width>
		<height>416</height>
		<depth>3</depth>
	</size>
	<segmented>0</segmented>
	<object>
		<name>parrot</name>
		<pose>Unspecified</pose>
		<truncated>0</truncated>
		<difficult>0</difficult>
		<occluded>0</occluded>
		<bndbox>
			<xmin>50</xmin>
			<xmax>347</xmax>
			<ymin>159</ymin>
			<ymax>310</ymax>
		</bndbox>
	</object>
</annotation>
