<annotation>
	<folder></folder>
	<filename>FishDataset632_png_jpg.rf.961817df1fc5543846747033685bd3c8.jpg</filename>
	<path>FishDataset632_png_jpg.rf.961817df1fc5543846747033685bd3c8.jpg</path>
	<source>
		<database>roboflow.ai</database>
	</source>
	<size>
		<width>416</width>
		<height>416</height>
		<depth>3</depth>
	</size>
	<segmented>0</segmented>
	<object>
		<name>Carangidae -Jacks-</name>
		<pose>Unspecified</pose>
		<truncated>0</truncated>
		<difficult>0</difficult>
		<occluded>0</occluded>
		<bndbox>
			<xmin>99</xmin>
			<xmax>323</xmax>
			<ymin>101</ymin>
			<ymax>234</ymax>
		</bndbox>
	</object>
</annotation>
