<annotation>
	<folder></folder>
	<filename>FishDataset380_png_jpg.rf.e3cd9d638163dad6fcbbc7cb5212b045.jpg</filename>
	<path>FishDataset380_png_jpg.rf.e3cd9d638163dad6fcbbc7cb5212b045.jpg</path>
	<source>
		<database>roboflow.ai</database>
	</source>
	<size>
		<width>416</width>
		<height>416</height>
		<depth>3</depth>
	</size>
	<segmented>0</segmented>
	<object>
		<name>surgeon</name>
		<pose>Unspecified</pose>
		<truncated>0</truncated>
		<difficult>0</difficult>
		<occluded>0</occluded>
		<bndbox>
			<xmin>181</xmin>
			<xmax>252</xmax>
			<ymin>68</ymin>
			<ymax>142</ymax>
		</bndbox>
	</object>
	<object>
		<name>surgeon</name>
		<pose>Unspecified</pose>
		<truncated>0</truncated>
		<difficult>0</difficult>
		<occluded>0</occluded>
		<bndbox>
			<xmin>317</xmin>
			<xmax>356</xmax>
			<ymin>295</ymin>
			<ymax>365</ymax>
		</bndbox>
	</object>
	<object>
		<name>surgeon</name>
		<pose>Unspecified</pose>
		<truncated>0</truncated>
		<difficult>0</difficult>
		<occluded>0</occluded>
		<bndbox>
			<xmin>247</xmin>
			<xmax>307</xmax>
			<ymin>243</ymin>
			<ymax>306</ymax>
		</bndbox>
	</object>
	<object>
		<name>surgeon</name>
		<pose>Unspecified</pose>
		<truncated>0</truncated>
		<difficult>0</difficult>
		<occluded>0</occluded>
		<bndbox>
			<xmin>212</xmin>
			<xmax>280</xmax>
			<ymin>188</ymin>
			<ymax>262</ymax>
		</bndbox>
	</object>
	<object>
		<name>surgeon</name>
		<pose>Unspecified</pose>
		<truncated>0</truncated>
		<difficult>0</difficult>
		<occluded>0</occluded>
		<bndbox>
			<xmin>196</xmin>
			<xmax>250</xmax>
			<ymin>125</ymin>
			<ymax>180</ymax>
		</bndbox>
	</object>
	<object>
		<name>surgeon</name>
		<pose>Unspecified</pose>
		<truncated>0</truncated>
		<difficult>0</difficult>
		<occluded>0</occluded>
		<bndbox>
			<xmin>277</xmin>
			<xmax>312</xmax>
			<ymin>84</ymin>
			<ymax>127</ymax>
		</bndbox>
	</object>
</annotation>
