<annotation>
	<folder></folder>
	<filename>FishDataset270_png_jpg.rf.05778d49f8a93d9148ead644dcce7667.jpg</filename>
	<path>FishDataset270_png_jpg.rf.05778d49f8a93d9148ead644dcce7667.jpg</path>
	<source>
		<database>roboflow.ai</database>
	</source>
	<size>
		<width>416</width>
		<height>416</height>
		<depth>3</depth>
	</size>
	<segmented>0</segmented>
	<object>
		<name>Acanthuridae -Surgeonfishes-</name>
		<pose>Unspecified</pose>
		<truncated>0</truncated>
		<difficult>0</difficult>
		<occluded>0</occluded>
		<bndbox>
			<xmin>198</xmin>
			<xmax>262</xmax>
			<ymin>199</ymin>
			<ymax>261</ymax>
		</bndbox>
	</object>
</annotation>
