<annotation>
	<folder></folder>
	<filename>FishDataset637_png_jpg.rf.b96dfedf99bb44277132ebbf4bc03884.jpg</filename>
	<path>FishDataset637_png_jpg.rf.b96dfedf99bb44277132ebbf4bc03884.jpg</path>
	<source>
		<database>roboflow.ai</database>
	</source>
	<size>
		<width>416</width>
		<height>416</height>
		<depth>3</depth>
	</size>
	<segmented>0</segmented>
	<object>
		<name>Serranidae -Groupers-</name>
		<pose>Unspecified</pose>
		<truncated>0</truncated>
		<difficult>0</difficult>
		<occluded>0</occluded>
		<bndbox>
			<xmin>211</xmin>
			<xmax>416</xmax>
			<ymin>86</ymin>
			<ymax>283</ymax>
		</bndbox>
	</object>
	<object>
		<name>Serranidae -Groupers-</name>
		<pose>Unspecified</pose>
		<truncated>0</truncated>
		<difficult>0</difficult>
		<occluded>0</occluded>
		<bndbox>
			<xmin>129</xmin>
			<xmax>214</xmax>
			<ymin>59</ymin>
			<ymax>187</ymax>
		</bndbox>
	</object>
	<object>
		<name>Serranidae -Groupers-</name>
		<pose>Unspecified</pose>
		<truncated>0</truncated>
		<difficult>0</difficult>
		<occluded>0</occluded>
		<bndbox>
			<xmin>8</xmin>
			<xmax>246</xmax>
			<ymin>158</ymin>
			<ymax>347</ymax>
		</bndbox>
	</object>
</annotation>
