<annotation>
	<folder></folder>
	<filename>FishDataset417_png_jpg.rf.a596751c8101baf122c7e3d2be9b18e5.jpg</filename>
	<path>FishDataset417_png_jpg.rf.a596751c8101baf122c7e3d2be9b18e5.jpg</path>
	<source>
		<database>roboflow.ai</database>
	</source>
	<size>
		<width>416</width>
		<height>416</height>
		<depth>3</depth>
	</size>
	<segmented>0</segmented>
	<object>
		<name>Acanthuridae -Surgeonfishes-</name>
		<pose>Unspecified</pose>
		<truncated>0</truncated>
		<difficult>0</difficult>
		<occluded>0</occluded>
		<bndbox>
			<xmin>110</xmin>
			<xmax>366</xmax>
			<ymin>122</ymin>
			<ymax>258</ymax>
		</bndbox>
	</object>
</annotation>
