<annotation>
	<folder></folder>
	<filename>FishDataset478_png_jpg.rf.0d8597283287648e58e830ba6e4d6ad5.jpg</filename>
	<path>FishDataset478_png_jpg.rf.0d8597283287648e58e830ba6e4d6ad5.jpg</path>
	<source>
		<database>roboflow.ai</database>
	</source>
	<size>
		<width>416</width>
		<height>416</height>
		<depth>3</depth>
	</size>
	<segmented>0</segmented>
	<object>
		<name>Scaridae -Parrotfishes-</name>
		<pose>Unspecified</pose>
		<truncated>0</truncated>
		<difficult>0</difficult>
		<occluded>0</occluded>
		<bndbox>
			<xmin>42</xmin>
			<xmax>359</xmax>
			<ymin>127</ymin>
			<ymax>308</ymax>
		</bndbox>
	</object>
</annotation>
