<annotation>
	<folder></folder>
	<filename>FishDataset124_png_jpg.rf.6179b14187d6764a1e00e95450b47dc6.jpg</filename>
	<path>FishDataset124_png_jpg.rf.6179b14187d6764a1e00e95450b47dc6.jpg</path>
	<source>
		<database>roboflow.ai</database>
	</source>
	<size>
		<width>416</width>
		<height>416</height>
		<depth>3</depth>
	</size>
	<segmented>0</segmented>
	<object>
		<name>Serranidae -Groupers-</name>
		<pose>Unspecified</pose>
		<truncated>0</truncated>
		<difficult>0</difficult>
		<occluded>0</occluded>
		<bndbox>
			<xmin>171</xmin>
			<xmax>394</xmax>
			<ymin>44</ymin>
			<ymax>334</ymax>
		</bndbox>
	</object>
</annotation>
