<annotation>
	<folder></folder>
	<filename>FishDataset722_png_jpg.rf.99a12bda28bb71bbc7c91d50805a5c85.jpg</filename>
	<path>FishDataset722_png_jpg.rf.99a12bda28bb71bbc7c91d50805a5c85.jpg</path>
	<source>
		<database>roboflow.ai</database>
	</source>
	<size>
		<width>416</width>
		<height>416</height>
		<depth>3</depth>
	</size>
	<segmented>0</segmented>
	<object>
		<name>Scombridae -Tunas-</name>
		<pose>Unspecified</pose>
		<truncated>0</truncated>
		<difficult>0</difficult>
		<occluded>0</occluded>
		<bndbox>
			<xmin>111</xmin>
			<xmax>307</xmax>
			<ymin>6</ymin>
			<ymax>177</ymax>
		</bndbox>
	</object>
	<object>
		<name>Scombridae -Tunas-</name>
		<pose>Unspecified</pose>
		<truncated>0</truncated>
		<difficult>0</difficult>
		<occluded>0</occluded>
		<bndbox>
			<xmin>48</xmin>
			<xmax>154</xmax>
			<ymin>174</ymin>
			<ymax>257</ymax>
		</bndbox>
	</object>
	<object>
		<name>Scombridae -Tunas-</name>
		<pose>Unspecified</pose>
		<truncated>0</truncated>
		<difficult>0</difficult>
		<occluded>0</occluded>
		<bndbox>
			<xmin>126</xmin>
			<xmax>415</xmax>
			<ymin>308</ymin>
			<ymax>409</ymax>
		</bndbox>
	</object>
	<object>
		<name>Scombridae -Tunas-</name>
		<pose>Unspecified</pose>
		<truncated>0</truncated>
		<difficult>0</difficult>
		<occluded>0</occluded>
		<bndbox>
			<xmin>241</xmin>
			<xmax>410</xmax>
			<ymin>148</ymin>
			<ymax>254</ymax>
		</bndbox>
	</object>
</annotation>
