<annotation>
	<folder></folder>
	<filename>FishDataset438_png_jpg.rf.da2d3f7e9889dbaed32a4a14359f2587.jpg</filename>
	<path>FishDataset438_png_jpg.rf.da2d3f7e9889dbaed32a4a14359f2587.jpg</path>
	<source>
		<database>roboflow.ai</database>
	</source>
	<size>
		<width>416</width>
		<height>416</height>
		<depth>3</depth>
	</size>
	<segmented>0</segmented>
	<object>
		<name>Serranidae -Groupers-</name>
		<pose>Unspecified</pose>
		<truncated>0</truncated>
		<difficult>0</difficult>
		<occluded>0</occluded>
		<bndbox>
			<xmin>58</xmin>
			<xmax>251</xmax>
			<ymin>114</ymin>
			<ymax>211</ymax>
		</bndbox>
	</object>
	<object>
		<name>Serranidae -Groupers-</name>
		<pose>Unspecified</pose>
		<truncated>0</truncated>
		<difficult>0</difficult>
		<occluded>0</occluded>
		<bndbox>
			<xmin>68</xmin>
			<xmax>282</xmax>
			<ymin>235</ymin>
			<ymax>356</ymax>
		</bndbox>
	</object>
</annotation>
