<annotation>
	<folder></folder>
	<filename>FishDataset172_png_jpg.rf.3a95df91b98bf034d951d9d606850a68.jpg</filename>
	<path>FishDataset172_png_jpg.rf.3a95df91b98bf034d951d9d606850a68.jpg</path>
	<source>
		<database>roboflow.ai</database>
	</source>
	<size>
		<width>416</width>
		<height>416</height>
		<depth>3</depth>
	</size>
	<segmented>0</segmented>
	<object>
		<name>Serranidae -Groupers-</name>
		<pose>Unspecified</pose>
		<truncated>0</truncated>
		<difficult>0</difficult>
		<occluded>0</occluded>
		<bndbox>
			<xmin>155</xmin>
			<xmax>299</xmax>
			<ymin>133</ymin>
			<ymax>292</ymax>
		</bndbox>
	</object>
</annotation>
