<annotation>
	<folder></folder>
	<filename>FishDataset474_png_jpg.rf.5a0e3ab52ee755677d1f23546bc8e142.jpg</filename>
	<path>FishDataset474_png_jpg.rf.5a0e3ab52ee755677d1f23546bc8e142.jpg</path>
	<source>
		<database>roboflow.ai</database>
	</source>
	<size>
		<width>416</width>
		<height>416</height>
		<depth>3</depth>
	</size>
	<segmented>0</segmented>
	<object>
		<name>Lutjanidae -Snappers-</name>
		<pose>Unspecified</pose>
		<truncated>0</truncated>
		<difficult>0</difficult>
		<occluded>0</occluded>
		<bndbox>
			<xmin>5</xmin>
			<xmax>309</xmax>
			<ymin>24</ymin>
			<ymax>280</ymax>
		</bndbox>
	</object>
	<object>
		<name>Lutjanidae -Snappers-</name>
		<pose>Unspecified</pose>
		<truncated>0</truncated>
		<difficult>0</difficult>
		<occluded>0</occluded>
		<bndbox>
			<xmin>97</xmin>
			<xmax>392</xmax>
			<ymin>48</ymin>
			<ymax>380</ymax>
		</bndbox>
	</object>
</annotation>
