<annotation>
	<folder></folder>
	<filename>FishDataset450_png_jpg.rf.ed040a7fb28ec82d4123563e7fb3ab57.jpg</filename>
	<path>FishDataset450_png_jpg.rf.ed040a7fb28ec82d4123563e7fb3ab57.jpg</path>
	<source>
		<database>roboflow.ai</database>
	</source>
	<size>
		<width>416</width>
		<height>416</height>
		<depth>3</depth>
	</size>
	<segmented>0</segmented>
	<object>
		<name>Shark -Selachimorpha-</name>
		<pose>Unspecified</pose>
		<truncated>0</truncated>
		<difficult>0</difficult>
		<occluded>0</occluded>
		<bndbox>
			<xmin>90</xmin>
			<xmax>404</xmax>
			<ymin>13</ymin>
			<ymax>334</ymax>
		</bndbox>
	</object>
</annotation>
