<annotation>
	<folder></folder>
	<filename>FishDataset195_png_jpg.rf.af81561c8c30b54bae773a9d2f438563.jpg</filename>
	<path>FishDataset195_png_jpg.rf.af81561c8c30b54bae773a9d2f438563.jpg</path>
	<source>
		<database>roboflow.ai</database>
	</source>
	<size>
		<width>416</width>
		<height>416</height>
		<depth>3</depth>
	</size>
	<segmented>0</segmented>
	<object>
		<name>Shark -Selachimorpha-</name>
		<pose>Unspecified</pose>
		<truncated>0</truncated>
		<difficult>0</difficult>
		<occluded>0</occluded>
		<bndbox>
			<xmin>72</xmin>
			<xmax>416</xmax>
			<ymin>113</ymin>
			<ymax>349</ymax>
		</bndbox>
	</object>
</annotation>
