<annotation>
	<folder></folder>
	<filename>FishDataset641_png_jpg.rf.013b9632a56327122dc543c2d5c60708.jpg</filename>
	<path>FishDataset641_png_jpg.rf.013b9632a56327122dc543c2d5c60708.jpg</path>
	<source>
		<database>roboflow.ai</database>
	</source>
	<size>
		<width>416</width>
		<height>416</height>
		<depth>3</depth>
	</size>
	<segmented>0</segmented>
	<object>
		<name>Serranidae -Groupers-</name>
		<pose>Unspecified</pose>
		<truncated>0</truncated>
		<difficult>0</difficult>
		<occluded>0</occluded>
		<bndbox>
			<xmin>114</xmin>
			<xmax>261</xmax>
			<ymin>40</ymin>
			<ymax>265</ymax>
		</bndbox>
	</object>
</annotation>
