<annotation>
	<folder></folder>
	<filename>FishDataset653_png_jpg.rf.66cc02b94bdcc288b5a3004adfcace0f.jpg</filename>
	<path>FishDataset653_png_jpg.rf.66cc02b94bdcc288b5a3004adfcace0f.jpg</path>
	<source>
		<database>roboflow.ai</database>
	</source>
	<size>
		<width>416</width>
		<height>416</height>
		<depth>3</depth>
	</size>
	<segmented>0</segmented>
	<object>
		<name>tuna</name>
		<pose>Unspecified</pose>
		<truncated>0</truncated>
		<difficult>0</difficult>
		<occluded>0</occluded>
		<bndbox>
			<xmin>20</xmin>
			<xmax>125</xmax>
			<ymin>216</ymin>
			<ymax>396</ymax>
		</bndbox>
	</object>
	<object>
		<name>tuna</name>
		<pose>Unspecified</pose>
		<truncated>0</truncated>
		<difficult>0</difficult>
		<occluded>0</occluded>
		<bndbox>
			<xmin>277</xmin>
			<xmax>412</xmax>
			<ymin>196</ymin>
			<ymax>344</ymax>
		</bndbox>
	</object>
	<object>
		<name>tuna</name>
		<pose>Unspecified</pose>
		<truncated>0</truncated>
		<difficult>0</difficult>
		<occluded>0</occluded>
		<bndbox>
			<xmin>65</xmin>
			<xmax>382</xmax>
			<ymin>32</ymin>
			<ymax>259</ymax>
		</bndbox>
	</object>
</annotation>
