<annotation>
	<folder></folder>
	<filename>FishDataset51_png_jpg.rf.15a958fdb75d13399f88a971062f1462.jpg</filename>
	<path>FishDataset51_png_jpg.rf.15a958fdb75d13399f88a971062f1462.jpg</path>
	<source>
		<database>roboflow.ai</database>
	</source>
	<size>
		<width>416</width>
		<height>416</height>
		<depth>3</depth>
	</size>
	<segmented>0</segmented>
	<object>
		<name>Lutjanidae -Snappers-</name>
		<pose>Unspecified</pose>
		<truncated>0</truncated>
		<difficult>0</difficult>
		<occluded>0</occluded>
		<bndbox>
			<xmin>37</xmin>
			<xmax>376</xmax>
			<ymin>125</ymin>
			<ymax>295</ymax>
		</bndbox>
	</object>
</annotation>
