<annotation>
	<folder></folder>
	<filename>FishDataset75_png_jpg.rf.4b49e35839da40f5b7c507a4b7f4aced.jpg</filename>
	<path>FishDataset75_png_jpg.rf.4b49e35839da40f5b7c507a4b7f4aced.jpg</path>
	<source>
		<database>roboflow.ai</database>
	</source>
	<size>
		<width>416</width>
		<height>416</height>
		<depth>3</depth>
	</size>
	<segmented>0</segmented>
	<object>
		<name>Scombridae -Tunas-</name>
		<pose>Unspecified</pose>
		<truncated>0</truncated>
		<difficult>0</difficult>
		<occluded>0</occluded>
		<bndbox>
			<xmin>133</xmin>
			<xmax>335</xmax>
			<ymin>142</ymin>
			<ymax>277</ymax>
		</bndbox>
	</object>
</annotation>
