<annotation>
	<folder></folder>
	<filename>FishDataset626_png_jpg.rf.cd0e57cda305ec4f113c3b719630b299.jpg</filename>
	<path>FishDataset626_png_jpg.rf.cd0e57cda305ec4f113c3b719630b299.jpg</path>
	<source>
		<database>roboflow.ai</database>
	</source>
	<size>
		<width>416</width>
		<height>416</height>
		<depth>3</depth>
	</size>
	<segmented>0</segmented>
	<object>
		<name>Carangidae -Jacks-</name>
		<pose>Unspecified</pose>
		<truncated>0</truncated>
		<difficult>0</difficult>
		<occluded>0</occluded>
		<bndbox>
			<xmin>44</xmin>
			<xmax>334</xmax>
			<ymin>9</ymin>
			<ymax>395</ymax>
		</bndbox>
	</object>
</annotation>
