<annotation>
	<folder></folder>
	<filename>FishDataset409_png_jpg.rf.a1de347ec10569e98ff2a3baa8a9347d.jpg</filename>
	<path>FishDataset409_png_jpg.rf.a1de347ec10569e98ff2a3baa8a9347d.jpg</path>
	<source>
		<database>roboflow.ai</database>
	</source>
	<size>
		<width>416</width>
		<height>416</height>
		<depth>3</depth>
	</size>
	<segmented>0</segmented>
	<object>
		<name>Carangidae -Jacks-</name>
		<pose>Unspecified</pose>
		<truncated>0</truncated>
		<difficult>0</difficult>
		<occluded>0</occluded>
		<bndbox>
			<xmin>73</xmin>
			<xmax>354</xmax>
			<ymin>46</ymin>
			<ymax>255</ymax>
		</bndbox>
	</object>
</annotation>
