<annotation>
	<folder></folder>
	<filename>FishDataset246_png_jpg.rf.3cf5f3f2ab92f34c51e41fe1830348b0.jpg</filename>
	<path>FishDataset246_png_jpg.rf.3cf5f3f2ab92f34c51e41fe1830348b0.jpg</path>
	<source>
		<database>roboflow.ai</database>
	</source>
	<size>
		<width>416</width>
		<height>416</height>
		<depth>3</depth>
	</size>
	<segmented>0</segmented>
	<object>
		<name>Scaridae -Parrotfishes-</name>
		<pose>Unspecified</pose>
		<truncated>0</truncated>
		<difficult>0</difficult>
		<occluded>0</occluded>
		<bndbox>
			<xmin>51</xmin>
			<xmax>410</xmax>
			<ymin>89</ymin>
			<ymax>318</ymax>
		</bndbox>
	</object>
</annotation>
