<annotation>
	<folder></folder>
	<filename>FishDataset634_png_jpg.rf.a54bcec861c6f0690adb42b206ace5cd.jpg</filename>
	<path>FishDataset634_png_jpg.rf.a54bcec861c6f0690adb42b206ace5cd.jpg</path>
	<source>
		<database>roboflow.ai</database>
	</source>
	<size>
		<width>416</width>
		<height>416</height>
		<depth>3</depth>
	</size>
	<segmented>0</segmented>
	<object>
		<name>Serranidae -Groupers-</name>
		<pose>Unspecified</pose>
		<truncated>0</truncated>
		<difficult>0</difficult>
		<occluded>0</occluded>
		<bndbox>
			<xmin>72</xmin>
			<xmax>381</xmax>
			<ymin>118</ymin>
			<ymax>370</ymax>
		</bndbox>
	</object>
</annotation>
