<annotation>
	<folder></folder>
	<filename>FishDataset584_png_jpg.rf.89c707c946c75d9b2f1fc6f61994e593.jpg</filename>
	<path>FishDataset584_png_jpg.rf.89c707c946c75d9b2f1fc6f61994e593.jpg</path>
	<source>
		<database>roboflow.ai</database>
	</source>
	<size>
		<width>416</width>
		<height>416</height>
		<depth>3</depth>
	</size>
	<segmented>0</segmented>
	<object>
		<name>jack</name>
		<pose>Unspecified</pose>
		<truncated>0</truncated>
		<difficult>0</difficult>
		<occluded>0</occluded>
		<bndbox>
			<xmin>195</xmin>
			<xmax>327</xmax>
			<ymin>123</ymin>
			<ymax>221</ymax>
		</bndbox>
	</object>
</annotation>
