<annotation>
	<folder></folder>
	<filename>FishDataset257_png_jpg.rf.c07dcd120d5d6b5a5d751bf5eb1bcca5.jpg</filename>
	<path>FishDataset257_png_jpg.rf.c07dcd120d5d6b5a5d751bf5eb1bcca5.jpg</path>
	<source>
		<database>roboflow.ai</database>
	</source>
	<size>
		<width>416</width>
		<height>416</height>
		<depth>3</depth>
	</size>
	<segmented>0</segmented>
	<object>
		<name>Serranidae -Groupers-</name>
		<pose>Unspecified</pose>
		<truncated>0</truncated>
		<difficult>0</difficult>
		<occluded>0</occluded>
		<bndbox>
			<xmin>140</xmin>
			<xmax>246</xmax>
			<ymin>148</ymin>
			<ymax>326</ymax>
		</bndbox>
	</object>
</annotation>
