<annotation>
	<folder></folder>
	<filename>FishDataset167_png_jpg.rf.cca2b60f078bf24e228787fa97516a2b.jpg</filename>
	<path>FishDataset167_png_jpg.rf.cca2b60f078bf24e228787fa97516a2b.jpg</path>
	<source>
		<database>roboflow.ai</database>
	</source>
	<size>
		<width>416</width>
		<height>416</height>
		<depth>3</depth>
	</size>
	<segmented>0</segmented>
	<object>
		<name>Lutjanidae -Snappers-</name>
		<pose>Unspecified</pose>
		<truncated>0</truncated>
		<difficult>0</difficult>
		<occluded>0</occluded>
		<bndbox>
			<xmin>77</xmin>
			<xmax>217</xmax>
			<ymin>40</ymin>
			<ymax>287</ymax>
		</bndbox>
	</object>
</annotation>
