<annotation>
	<folder></folder>
	<filename>FishDataset565_png_jpg.rf.d31ff6120848c269d26b20978fb8ba0e.jpg</filename>
	<path>FishDataset565_png_jpg.rf.d31ff6120848c269d26b20978fb8ba0e.jpg</path>
	<source>
		<database>roboflow.ai</database>
	</source>
	<size>
		<width>416</width>
		<height>416</height>
		<depth>3</depth>
	</size>
	<segmented>0</segmented>
	<object>
		<name>Lutjanidae -Snappers-</name>
		<pose>Unspecified</pose>
		<truncated>0</truncated>
		<difficult>0</difficult>
		<occluded>0</occluded>
		<bndbox>
			<xmin>208</xmin>
			<xmax>302</xmax>
			<ymin>114</ymin>
			<ymax>214</ymax>
		</bndbox>
	</object>
</annotation>
