<annotation>
	<folder></folder>
	<filename>FishDataset633_png_jpg.rf.0021e7d65092fa1a795ed7644cab2e8c.jpg</filename>
	<path>FishDataset633_png_jpg.rf.0021e7d65092fa1a795ed7644cab2e8c.jpg</path>
	<source>
		<database>roboflow.ai</database>
	</source>
	<size>
		<width>416</width>
		<height>416</height>
		<depth>3</depth>
	</size>
	<segmented>0</segmented>
	<object>
		<name>Shark -Selachimorpha-</name>
		<pose>Unspecified</pose>
		<truncated>0</truncated>
		<difficult>0</difficult>
		<occluded>0</occluded>
		<bndbox>
			<xmin>6</xmin>
			<xmax>414</xmax>
			<ymin>17</ymin>
			<ymax>399</ymax>
		</bndbox>
	</object>
</annotation>
