<annotation>
	<folder></folder>
	<filename>FishDataset398_png_jpg.rf.1b97184f16c990e410f44d62ae25b654.jpg</filename>
	<path>FishDataset398_png_jpg.rf.1b97184f16c990e410f44d62ae25b654.jpg</path>
	<source>
		<database>roboflow.ai</database>
	</source>
	<size>
		<width>416</width>
		<height>416</height>
		<depth>3</depth>
	</size>
	<segmented>0</segmented>
	<object>
		<name>Serranidae -Groupers-</name>
		<pose>Unspecified</pose>
		<truncated>0</truncated>
		<difficult>0</difficult>
		<occluded>0</occluded>
		<bndbox>
			<xmin>28</xmin>
			<xmax>400</xmax>
			<ymin>37</ymin>
			<ymax>344</ymax>
		</bndbox>
	</object>
</annotation>
