<annotation>
	<folder></folder>
	<filename>FishDataset430_png_jpg.rf.1b2c3e6f77ac21969cbb41f5540e58d8.jpg</filename>
	<path>FishDataset430_png_jpg.rf.1b2c3e6f77ac21969cbb41f5540e58d8.jpg</path>
	<source>
		<database>roboflow.ai</database>
	</source>
	<size>
		<width>416</width>
		<height>416</height>
		<depth>3</depth>
	</size>
	<segmented>0</segmented>
	<object>
		<name>Serranidae -Groupers-</name>
		<pose>Unspecified</pose>
		<truncated>0</truncated>
		<difficult>0</difficult>
		<occluded>0</occluded>
		<bndbox>
			<xmin>85</xmin>
			<xmax>278</xmax>
			<ymin>176</ymin>
			<ymax>277</ymax>
		</bndbox>
	</object>
</annotation>
