<annotation>
	<folder></folder>
	<filename>FishDataset477_png_jpg.rf.1176f475e9c48183b895024fd18f34bf.jpg</filename>
	<path>FishDataset477_png_jpg.rf.1176f475e9c48183b895024fd18f34bf.jpg</path>
	<source>
		<database>roboflow.ai</database>
	</source>
	<size>
		<width>416</width>
		<height>416</height>
		<depth>3</depth>
	</size>
	<segmented>0</segmented>
	<object>
		<name>Acanthuridae -Surgeonfishes-</name>
		<pose>Unspecified</pose>
		<truncated>0</truncated>
		<difficult>0</difficult>
		<occluded>0</occluded>
		<bndbox>
			<xmin>29</xmin>
			<xmax>314</xmax>
			<ymin>26</ymin>
			<ymax>296</ymax>
		</bndbox>
	</object>
</annotation>
