<annotation>
	<folder></folder>
	<filename>FishDataset624_png_jpg.rf.5c314b90ae7a5b85b81c249d0b031159.jpg</filename>
	<path>FishDataset624_png_jpg.rf.5c314b90ae7a5b85b81c249d0b031159.jpg</path>
	<source>
		<database>roboflow.ai</database>
	</source>
	<size>
		<width>416</width>
		<height>416</height>
		<depth>3</depth>
	</size>
	<segmented>0</segmented>
	<object>
		<name>Acanthuridae -Surgeonfishes-</name>
		<pose>Unspecified</pose>
		<truncated>0</truncated>
		<difficult>0</difficult>
		<occluded>0</occluded>
		<bndbox>
			<xmin>2</xmin>
			<xmax>402</xmax>
			<ymin>54</ymin>
			<ymax>349</ymax>
		</bndbox>
	</object>
</annotation>
