<annotation>
	<folder></folder>
	<filename>FishDataset476_png_jpg.rf.1b10108e92247d8657bf9837851c067e.jpg</filename>
	<path>FishDataset476_png_jpg.rf.1b10108e92247d8657bf9837851c067e.jpg</path>
	<source>
		<database>roboflow.ai</database>
	</source>
	<size>
		<width>416</width>
		<height>416</height>
		<depth>3</depth>
	</size>
	<segmented>0</segmented>
	<object>
		<name>Acanthuridae -Surgeonfishes-</name>
		<pose>Unspecified</pose>
		<truncated>0</truncated>
		<difficult>0</difficult>
		<occluded>0</occluded>
		<bndbox>
			<xmin>53</xmin>
			<xmax>323</xmax>
			<ymin>39</ymin>
			<ymax>302</ymax>
		</bndbox>
	</object>
</annotation>
