<annotation>
	<folder></folder>
	<filename>FishDataset148_png_jpg.rf.bbb47f5c43900bef41b5877c4d1f4151.jpg</filename>
	<path>FishDataset148_png_jpg.rf.bbb47f5c43900bef41b5877c4d1f4151.jpg</path>
	<source>
		<database>roboflow.ai</database>
	</source>
	<size>
		<width>416</width>
		<height>416</height>
		<depth>3</depth>
	</size>
	<segmented>0</segmented>
	<object>
		<name>Serranidae -Groupers-</name>
		<pose>Unspecified</pose>
		<truncated>0</truncated>
		<difficult>0</difficult>
		<occluded>0</occluded>
		<bndbox>
			<xmin>145</xmin>
			<xmax>328</xmax>
			<ymin>61</ymin>
			<ymax>316</ymax>
		</bndbox>
	</object>
</annotation>
