<annotation>
	<folder></folder>
	<filename>FishDataset730_png_jpg.rf.1e1c458228f4c2d03a6d29e4eb7148b2.jpg</filename>
	<path>FishDataset730_png_jpg.rf.1e1c458228f4c2d03a6d29e4eb7148b2.jpg</path>
	<source>
		<database>roboflow.ai</database>
	</source>
	<size>
		<width>416</width>
		<height>416</height>
		<depth>3</depth>
	</size>
	<segmented>0</segmented>
	<object>
		<name>shark</name>
		<pose>Unspecified</pose>
		<truncated>0</truncated>
		<difficult>0</difficult>
		<occluded>0</occluded>
		<bndbox>
			<xmin>76</xmin>
			<xmax>333</xmax>
			<ymin>91</ymin>
			<ymax>363</ymax>
		</bndbox>
	</object>
</annotation>
