<annotation>
	<folder></folder>
	<filename>FishDataset311_png_jpg.rf.e287cd7c62cc9ca2ca2b9ab202976b01.jpg</filename>
	<path>FishDataset311_png_jpg.rf.e287cd7c62cc9ca2ca2b9ab202976b01.jpg</path>
	<source>
		<database>roboflow.ai</database>
	</source>
	<size>
		<width>416</width>
		<height>416</height>
		<depth>3</depth>
	</size>
	<segmented>0</segmented>
	<object>
		<name>Carangidae -Jacks-</name>
		<pose>Unspecified</pose>
		<truncated>0</truncated>
		<difficult>0</difficult>
		<occluded>0</occluded>
		<bndbox>
			<xmin>172</xmin>
			<xmax>228</xmax>
			<ymin>160</ymin>
			<ymax>211</ymax>
		</bndbox>
	</object>
	<object>
		<name>Carangidae -Jacks-</name>
		<pose>Unspecified</pose>
		<truncated>0</truncated>
		<difficult>0</difficult>
		<occluded>0</occluded>
		<bndbox>
			<xmin>139</xmin>
			<xmax>212</xmax>
			<ymin>223</ymin>
			<ymax>279</ymax>
		</bndbox>
	</object>
	<object>
		<name>Carangidae -Jacks-</name>
		<pose>Unspecified</pose>
		<truncated>0</truncated>
		<difficult>0</difficult>
		<occluded>0</occluded>
		<bndbox>
			<xmin>40</xmin>
			<xmax>107</xmax>
			<ymin>215</ymin>
			<ymax>274</ymax>
		</bndbox>
	</object>
	<object>
		<name>Carangidae -Jacks-</name>
		<pose>Unspecified</pose>
		<truncated>0</truncated>
		<difficult>0</difficult>
		<occluded>0</occluded>
		<bndbox>
			<xmin>164</xmin>
			<xmax>239</xmax>
			<ymin>299</ymin>
			<ymax>358</ymax>
		</bndbox>
	</object>
	<object>
		<name>Carangidae -Jacks-</name>
		<pose>Unspecified</pose>
		<truncated>0</truncated>
		<difficult>0</difficult>
		<occluded>0</occluded>
		<bndbox>
			<xmin>1</xmin>
			<xmax>69</xmax>
			<ymin>338</ymin>
			<ymax>384</ymax>
		</bndbox>
	</object>
	<object>
		<name>Carangidae -Jacks-</name>
		<pose>Unspecified</pose>
		<truncated>0</truncated>
		<difficult>0</difficult>
		<occluded>0</occluded>
		<bndbox>
			<xmin>312</xmin>
			<xmax>392</xmax>
			<ymin>317</ymin>
			<ymax>366</ymax>
		</bndbox>
	</object>
	<object>
		<name>Carangidae -Jacks-</name>
		<pose>Unspecified</pose>
		<truncated>0</truncated>
		<difficult>0</difficult>
		<occluded>0</occluded>
		<bndbox>
			<xmin>242</xmin>
			<xmax>299</xmax>
			<ymin>372</ymin>
			<ymax>414</ymax>
		</bndbox>
	</object>
	<object>
		<name>Carangidae -Jacks-</name>
		<pose>Unspecified</pose>
		<truncated>0</truncated>
		<difficult>0</difficult>
		<occluded>0</occluded>
		<bndbox>
			<xmin>213</xmin>
			<xmax>261</xmax>
			<ymin>241</ymin>
			<ymax>294</ymax>
		</bndbox>
	</object>
	<object>
		<name>Carangidae -Jacks-</name>
		<pose>Unspecified</pose>
		<truncated>0</truncated>
		<difficult>0</difficult>
		<occluded>0</occluded>
		<bndbox>
			<xmin>323</xmin>
			<xmax>385</xmax>
			<ymin>185</ymin>
			<ymax>247</ymax>
		</bndbox>
	</object>
	<object>
		<name>Carangidae -Jacks-</name>
		<pose>Unspecified</pose>
		<truncated>0</truncated>
		<difficult>0</difficult>
		<occluded>0</occluded>
		<bndbox>
			<xmin>254</xmin>
			<xmax>305</xmax>
			<ymin>208</ymin>
			<ymax>252</ymax>
		</bndbox>
	</object>
</annotation>
