<annotation>
	<folder></folder>
	<filename>FishDataset485_png_jpg.rf.45f3de9bd8646945ff871fd1b3e9c60b.jpg</filename>
	<path>FishDataset485_png_jpg.rf.45f3de9bd8646945ff871fd1b3e9c60b.jpg</path>
	<source>
		<database>roboflow.ai</database>
	</source>
	<size>
		<width>416</width>
		<height>416</height>
		<depth>3</depth>
	</size>
	<segmented>0</segmented>
	<object>
		<name>Shark -Selachimorpha-</name>
		<pose>Unspecified</pose>
		<truncated>0</truncated>
		<difficult>0</difficult>
		<occluded>0</occluded>
		<bndbox>
			<xmin>22</xmin>
			<xmax>411</xmax>
			<ymin>50</ymin>
			<ymax>313</ymax>
		</bndbox>
	</object>
</annotation>
