<annotation>
	<folder></folder>
	<filename>FishDataset683_png_jpg.rf.996b35377ae0dc16d68deba4f56c0189.jpg</filename>
	<path>FishDataset683_png_jpg.rf.996b35377ae0dc16d68deba4f56c0189.jpg</path>
	<source>
		<database>roboflow.ai</database>
	</source>
	<size>
		<width>416</width>
		<height>416</height>
		<depth>3</depth>
	</size>
	<segmented>0</segmented>
	<object>
		<name>Acanthuridae -Surgeonfishes-</name>
		<pose>Unspecified</pose>
		<truncated>0</truncated>
		<difficult>0</difficult>
		<occluded>0</occluded>
		<bndbox>
			<xmin>90</xmin>
			<xmax>186</xmax>
			<ymin>211</ymin>
			<ymax>313</ymax>
		</bndbox>
	</object>
</annotation>
