<annotation>
	<folder></folder>
	<filename>FishDataset544_png_jpg.rf.e64cd4084931970fd9bce6b0384fe056.jpg</filename>
	<path>FishDataset544_png_jpg.rf.e64cd4084931970fd9bce6b0384fe056.jpg</path>
	<source>
		<database>roboflow.ai</database>
	</source>
	<size>
		<width>416</width>
		<height>416</height>
		<depth>3</depth>
	</size>
	<segmented>0</segmented>
	<object>
		<name>Lutjanidae -Snappers-</name>
		<pose>Unspecified</pose>
		<truncated>0</truncated>
		<difficult>0</difficult>
		<occluded>0</occluded>
		<bndbox>
			<xmin>60</xmin>
			<xmax>370</xmax>
			<ymin>96</ymin>
			<ymax>286</ymax>
		</bndbox>
	</object>
</annotation>
