<annotation>
	<folder></folder>
	<filename>FishDataset236_png_jpg.rf.6f3953faf0539caee2fe0a4b66aed521.jpg</filename>
	<path>FishDataset236_png_jpg.rf.6f3953faf0539caee2fe0a4b66aed521.jpg</path>
	<source>
		<database>roboflow.ai</database>
	</source>
	<size>
		<width>416</width>
		<height>416</height>
		<depth>3</depth>
	</size>
	<segmented>0</segmented>
	<object>
		<name>Carangidae -Jacks-</name>
		<pose>Unspecified</pose>
		<truncated>0</truncated>
		<difficult>0</difficult>
		<occluded>0</occluded>
		<bndbox>
			<xmin>4</xmin>
			<xmax>399</xmax>
			<ymin>28</ymin>
			<ymax>401</ymax>
		</bndbox>
	</object>
</annotation>
