<annotation>
	<folder></folder>
	<filename>FishDataset424_png_jpg.rf.ddca29e0597996eac1c6c307ee304527.jpg</filename>
	<path>FishDataset424_png_jpg.rf.ddca29e0597996eac1c6c307ee304527.jpg</path>
	<source>
		<database>roboflow.ai</database>
	</source>
	<size>
		<width>416</width>
		<height>416</height>
		<depth>3</depth>
	</size>
	<segmented>0</segmented>
	<object>
		<name>Scombridae -Tunas-</name>
		<pose>Unspecified</pose>
		<truncated>0</truncated>
		<difficult>0</difficult>
		<occluded>0</occluded>
		<bndbox>
			<xmin>12</xmin>
			<xmax>384</xmax>
			<ymin>26</ymin>
			<ymax>346</ymax>
		</bndbox>
	</object>
</annotation>
