<annotation>
	<folder></folder>
	<filename>FishDataset532_png_jpg.rf.6aecdc222b6c5e94570da8fc4a3c55e3.jpg</filename>
	<path>FishDataset532_png_jpg.rf.6aecdc222b6c5e94570da8fc4a3c55e3.jpg</path>
	<source>
		<database>roboflow.ai</database>
	</source>
	<size>
		<width>416</width>
		<height>416</height>
		<depth>3</depth>
	</size>
	<segmented>0</segmented>
	<object>
		<name>Scaridae -Parrotfishes-</name>
		<pose>Unspecified</pose>
		<truncated>0</truncated>
		<difficult>0</difficult>
		<occluded>0</occluded>
		<bndbox>
			<xmin>100</xmin>
			<xmax>349</xmax>
			<ymin>128</ymin>
			<ymax>281</ymax>
		</bndbox>
	</object>
</annotation>
