<annotation>
	<folder></folder>
	<filename>FishDataset717_png_jpg.rf.1873200af3bd03c0fc629302b7d8667a.jpg</filename>
	<path>FishDataset717_png_jpg.rf.1873200af3bd03c0fc629302b7d8667a.jpg</path>
	<source>
		<database>roboflow.ai</database>
	</source>
	<size>
		<width>416</width>
		<height>416</height>
		<depth>3</depth>
	</size>
	<segmented>0</segmented>
	<object>
		<name>Serranidae -Groupers-</name>
		<pose>Unspecified</pose>
		<truncated>0</truncated>
		<difficult>0</difficult>
		<occluded>0</occluded>
		<bndbox>
			<xmin>29</xmin>
			<xmax>378</xmax>
			<ymin>113</ymin>
			<ymax>327</ymax>
		</bndbox>
	</object>
</annotation>
