<annotation>
	<folder></folder>
	<filename>FishDataset688_png_jpg.rf.b473056b093d33e5e26a60daf820b879.jpg</filename>
	<path>FishDataset688_png_jpg.rf.b473056b093d33e5e26a60daf820b879.jpg</path>
	<source>
		<database>roboflow.ai</database>
	</source>
	<size>
		<width>416</width>
		<height>416</height>
		<depth>3</depth>
	</size>
	<segmented>0</segmented>
	<object>
		<name>Shark -Selachimorpha-</name>
		<pose>Unspecified</pose>
		<truncated>0</truncated>
		<difficult>0</difficult>
		<occluded>0</occluded>
		<bndbox>
			<xmin>64</xmin>
			<xmax>416</xmax>
			<ymin>133</ymin>
			<ymax>342</ymax>
		</bndbox>
	</object>
</annotation>
