<annotation>
	<folder></folder>
	<filename>FishDataset34_png_jpg.rf.41261542293108b27843834814a9264e.jpg</filename>
	<path>FishDataset34_png_jpg.rf.41261542293108b27843834814a9264e.jpg</path>
	<source>
		<database>roboflow.ai</database>
	</source>
	<size>
		<width>416</width>
		<height>416</height>
		<depth>3</depth>
	</size>
	<segmented>0</segmented>
	<object>
		<name>Carangidae -Jacks-</name>
		<pose>Unspecified</pose>
		<truncated>0</truncated>
		<difficult>0</difficult>
		<occluded>0</occluded>
		<bndbox>
			<xmin>54</xmin>
			<xmax>367</xmax>
			<ymin>78</ymin>
			<ymax>279</ymax>
		</bndbox>
	</object>
</annotation>
