<annotation>
	<folder></folder>
	<filename>FishDataset338_png_jpg.rf.b0441a863c5899231ce9b4c1aef6ded8.jpg</filename>
	<path>FishDataset338_png_jpg.rf.b0441a863c5899231ce9b4c1aef6ded8.jpg</path>
	<source>
		<database>roboflow.ai</database>
	</source>
	<size>
		<width>416</width>
		<height>416</height>
		<depth>3</depth>
	</size>
	<segmented>0</segmented>
	<object>
		<name>snapper</name>
		<pose>Unspecified</pose>
		<truncated>0</truncated>
		<difficult>0</difficult>
		<occluded>0</occluded>
		<bndbox>
			<xmin>92</xmin>
			<xmax>379</xmax>
			<ymin>203</ymin>
			<ymax>349</ymax>
		</bndbox>
	</object>
</annotation>
