<annotation>
	<folder></folder>
	<filename>FishDataset452_png_jpg.rf.cfdb86bb2b5723155bd15999f497a9e7.jpg</filename>
	<path>FishDataset452_png_jpg.rf.cfdb86bb2b5723155bd15999f497a9e7.jpg</path>
	<source>
		<database>roboflow.ai</database>
	</source>
	<size>
		<width>416</width>
		<height>416</height>
		<depth>3</depth>
	</size>
	<segmented>0</segmented>
	<object>
		<name>Shark -Selachimorpha-</name>
		<pose>Unspecified</pose>
		<truncated>0</truncated>
		<difficult>0</difficult>
		<occluded>0</occluded>
		<bndbox>
			<xmin>46</xmin>
			<xmax>394</xmax>
			<ymin>104</ymin>
			<ymax>372</ymax>
		</bndbox>
	</object>
</annotation>
