<annotation>
	<folder></folder>
	<filename>FishDataset120_png_jpg.rf.5e53cd51e6d30e233188ab8e934d3168.jpg</filename>
	<path>FishDataset120_png_jpg.rf.5e53cd51e6d30e233188ab8e934d3168.jpg</path>
	<source>
		<database>roboflow.ai</database>
	</source>
	<size>
		<width>416</width>
		<height>416</height>
		<depth>3</depth>
	</size>
	<segmented>0</segmented>
	<object>
		<name>Lutjanidae -Snappers-</name>
		<pose>Unspecified</pose>
		<truncated>0</truncated>
		<difficult>0</difficult>
		<occluded>0</occluded>
		<bndbox>
			<xmin>45</xmin>
			<xmax>398</xmax>
			<ymin>81</ymin>
			<ymax>321</ymax>
		</bndbox>
	</object>
</annotation>
