<annotation>
	<folder></folder>
	<filename>FishDataset724_png_jpg.rf.507aeb2ae0605e3426482b63dc8e245c.jpg</filename>
	<path>FishDataset724_png_jpg.rf.507aeb2ae0605e3426482b63dc8e245c.jpg</path>
	<source>
		<database>roboflow.ai</database>
	</source>
	<size>
		<width>416</width>
		<height>416</height>
		<depth>3</depth>
	</size>
	<segmented>0</segmented>
	<object>
		<name>Carangidae -Jacks-</name>
		<pose>Unspecified</pose>
		<truncated>0</truncated>
		<difficult>0</difficult>
		<occluded>0</occluded>
		<bndbox>
			<xmin>6</xmin>
			<xmax>323</xmax>
			<ymin>96</ymin>
			<ymax>408</ymax>
		</bndbox>
	</object>
	<object>
		<name>Carangidae -Jacks-</name>
		<pose>Unspecified</pose>
		<truncated>0</truncated>
		<difficult>0</difficult>
		<occluded>0</occluded>
		<bndbox>
			<xmin>89</xmin>
			<xmax>310</xmax>
			<ymin>7</ymin>
			<ymax>156</ymax>
		</bndbox>
	</object>
</annotation>
