<annotation>
	<folder></folder>
	<filename>FishDataset241_png_jpg.rf.d7537646960e088d5ccaf33e38563015.jpg</filename>
	<path>FishDataset241_png_jpg.rf.d7537646960e088d5ccaf33e38563015.jpg</path>
	<source>
		<database>roboflow.ai</database>
	</source>
	<size>
		<width>416</width>
		<height>416</height>
		<depth>3</depth>
	</size>
	<segmented>0</segmented>
	<object>
		<name>Carangidae -Jacks-</name>
		<pose>Unspecified</pose>
		<truncated>0</truncated>
		<difficult>0</difficult>
		<occluded>0</occluded>
		<bndbox>
			<xmin>19</xmin>
			<xmax>408</xmax>
			<ymin>65</ymin>
			<ymax>337</ymax>
		</bndbox>
	</object>
</annotation>
