<annotation>
	<folder></folder>
	<filename>FishDataset513_png_jpg.rf.5563b03e68b6671e00768f0bb7ab0c3d.jpg</filename>
	<path>FishDataset513_png_jpg.rf.5563b03e68b6671e00768f0bb7ab0c3d.jpg</path>
	<source>
		<database>roboflow.ai</database>
	</source>
	<size>
		<width>416</width>
		<height>416</height>
		<depth>3</depth>
	</size>
	<segmented>0</segmented>
	<object>
		<name>Shark -Selachimorpha-</name>
		<pose>Unspecified</pose>
		<truncated>0</truncated>
		<difficult>0</difficult>
		<occluded>0</occluded>
		<bndbox>
			<xmin>39</xmin>
			<xmax>408</xmax>
			<ymin>40</ymin>
			<ymax>333</ymax>
		</bndbox>
	</object>
</annotation>
