<annotation>
	<folder></folder>
	<filename>FishDataset111_png_jpg.rf.084939565db1b95de6057419ef467c35.jpg</filename>
	<path>FishDataset111_png_jpg.rf.084939565db1b95de6057419ef467c35.jpg</path>
	<source>
		<database>roboflow.ai</database>
	</source>
	<size>
		<width>416</width>
		<height>416</height>
		<depth>3</depth>
	</size>
	<segmented>0</segmented>
	<object>
		<name>Acanthuridae -Surgeonfishes-</name>
		<pose>Unspecified</pose>
		<truncated>0</truncated>
		<difficult>0</difficult>
		<occluded>0</occluded>
		<bndbox>
			<xmin>83</xmin>
			<xmax>298</xmax>
			<ymin>105</ymin>
			<ymax>189</ymax>
		</bndbox>
	</object>
	<object>
		<name>Acanthuridae -Surgeonfishes-</name>
		<pose>Unspecified</pose>
		<truncated>0</truncated>
		<difficult>0</difficult>
		<occluded>0</occluded>
		<bndbox>
			<xmin>65</xmin>
			<xmax>302</xmax>
			<ymin>236</ymin>
			<ymax>309</ymax>
		</bndbox>
	</object>
	<object>
		<name>Acanthuridae -Surgeonfishes-</name>
		<pose>Unspecified</pose>
		<truncated>0</truncated>
		<difficult>0</difficult>
		<occluded>0</occluded>
		<bndbox>
			<xmin>79</xmin>
			<xmax>224</xmax>
			<ymin>161</ymin>
			<ymax>250</ymax>
		</bndbox>
	</object>
	<object>
		<name>Acanthuridae -Surgeonfishes-</name>
		<pose>Unspecified</pose>
		<truncated>0</truncated>
		<difficult>0</difficult>
		<occluded>0</occluded>
		<bndbox>
			<xmin>236</xmin>
			<xmax>362</xmax>
			<ymin>193</ymin>
			<ymax>244</ymax>
		</bndbox>
	</object>
</annotation>
