<annotation>
	<folder></folder>
	<filename>FishDataset10_png_jpg.rf.582e1c8e64bdecb3e2d0ce6940d7475c.jpg</filename>
	<path>FishDataset10_png_jpg.rf.582e1c8e64bdecb3e2d0ce6940d7475c.jpg</path>
	<source>
		<database>roboflow.ai</database>
	</source>
	<size>
		<width>416</width>
		<height>416</height>
		<depth>3</depth>
	</size>
	<segmented>0</segmented>
	<object>
		<name>Scombridae -Tunas-</name>
		<pose>Unspecified</pose>
		<truncated>0</truncated>
		<difficult>0</difficult>
		<occluded>0</occluded>
		<bndbox>
			<xmin>106</xmin>
			<xmax>346</xmax>
			<ymin>140</ymin>
			<ymax>336</ymax>
		</bndbox>
	</object>
</annotation>
