<annotation>
	<folder></folder>
	<filename>FishDataset590_png_jpg.rf.97f7ccf2169dd2a423bda3a37cbd0caa.jpg</filename>
	<path>FishDataset590_png_jpg.rf.97f7ccf2169dd2a423bda3a37cbd0caa.jpg</path>
	<source>
		<database>roboflow.ai</database>
	</source>
	<size>
		<width>416</width>
		<height>416</height>
		<depth>3</depth>
	</size>
	<segmented>0</segmented>
	<object>
		<name>Scombridae -Tunas-</name>
		<pose>Unspecified</pose>
		<truncated>0</truncated>
		<difficult>0</difficult>
		<occluded>0</occluded>
		<bndbox>
			<xmin>40</xmin>
			<xmax>169</xmax>
			<ymin>45</ymin>
			<ymax>101</ymax>
		</bndbox>
	</object>
	<object>
		<name>Scombridae -Tunas-</name>
		<pose>Unspecified</pose>
		<truncated>0</truncated>
		<difficult>0</difficult>
		<occluded>0</occluded>
		<bndbox>
			<xmin>8</xmin>
			<xmax>123</xmax>
			<ymin>98</ymin>
			<ymax>146</ymax>
		</bndbox>
	</object>
	<object>
		<name>Scombridae -Tunas-</name>
		<pose>Unspecified</pose>
		<truncated>0</truncated>
		<difficult>0</difficult>
		<occluded>0</occluded>
		<bndbox>
			<xmin>100</xmin>
			<xmax>204</xmax>
			<ymin>68</ymin>
			<ymax>132</ymax>
		</bndbox>
	</object>
	<object>
		<name>Scombridae -Tunas-</name>
		<pose>Unspecified</pose>
		<truncated>0</truncated>
		<difficult>0</difficult>
		<occluded>0</occluded>
		<bndbox>
			<xmin>4</xmin>
			<xmax>116</xmax>
			<ymin>186</ymin>
			<ymax>272</ymax>
		</bndbox>
	</object>
	<object>
		<name>Scombridae -Tunas-</name>
		<pose>Unspecified</pose>
		<truncated>0</truncated>
		<difficult>0</difficult>
		<occluded>0</occluded>
		<bndbox>
			<xmin>4</xmin>
			<xmax>126</xmax>
			<ymin>229</ymin>
			<ymax>279</ymax>
		</bndbox>
	</object>
	<object>
		<name>Scombridae -Tunas-</name>
		<pose>Unspecified</pose>
		<truncated>0</truncated>
		<difficult>0</difficult>
		<occluded>0</occluded>
		<bndbox>
			<xmin>102</xmin>
			<xmax>227</xmax>
			<ymin>180</ymin>
			<ymax>261</ymax>
		</bndbox>
	</object>
	<object>
		<name>Scombridae -Tunas-</name>
		<pose>Unspecified</pose>
		<truncated>0</truncated>
		<difficult>0</difficult>
		<occluded>0</occluded>
		<bndbox>
			<xmin>34</xmin>
			<xmax>158</xmax>
			<ymin>265</ymin>
			<ymax>363</ymax>
		</bndbox>
	</object>
	<object>
		<name>Scombridae -Tunas-</name>
		<pose>Unspecified</pose>
		<truncated>0</truncated>
		<difficult>0</difficult>
		<occluded>0</occluded>
		<bndbox>
			<xmin>152</xmin>
			<xmax>266</xmax>
			<ymin>250</ymin>
			<ymax>356</ymax>
		</bndbox>
	</object>
	<object>
		<name>Scombridae -Tunas-</name>
		<pose>Unspecified</pose>
		<truncated>0</truncated>
		<difficult>0</difficult>
		<occluded>0</occluded>
		<bndbox>
			<xmin>197</xmin>
			<xmax>312</xmax>
			<ymin>350</ymin>
			<ymax>413</ymax>
		</bndbox>
	</object>
	<object>
		<name>Scombridae -Tunas-</name>
		<pose>Unspecified</pose>
		<truncated>0</truncated>
		<difficult>0</difficult>
		<occluded>0</occluded>
		<bndbox>
			<xmin>190</xmin>
			<xmax>324</xmax>
			<ymin>277</ymin>
			<ymax>361</ymax>
		</bndbox>
	</object>
	<object>
		<name>Scombridae -Tunas-</name>
		<pose>Unspecified</pose>
		<truncated>0</truncated>
		<difficult>0</difficult>
		<occluded>0</occluded>
		<bndbox>
			<xmin>263</xmin>
			<xmax>373</xmax>
			<ymin>302</ymin>
			<ymax>356</ymax>
		</bndbox>
	</object>
	<object>
		<name>Scombridae -Tunas-</name>
		<pose>Unspecified</pose>
		<truncated>0</truncated>
		<difficult>0</difficult>
		<occluded>0</occluded>
		<bndbox>
			<xmin>247</xmin>
			<xmax>365</xmax>
			<ymin>99</ymin>
			<ymax>203</ymax>
		</bndbox>
	</object>
	<object>
		<name>Scombridae -Tunas-</name>
		<pose>Unspecified</pose>
		<truncated>0</truncated>
		<difficult>0</difficult>
		<occluded>0</occluded>
		<bndbox>
			<xmin>212</xmin>
			<xmax>375</xmax>
			<ymin>34</ymin>
			<ymax>118</ymax>
		</bndbox>
	</object>
</annotation>
