<annotation>
	<folder></folder>
	<filename>FishDataset211_png_jpg.rf.a3ff8c816453e3e697b2b68dc4df8ee7.jpg</filename>
	<path>FishDataset211_png_jpg.rf.a3ff8c816453e3e697b2b68dc4df8ee7.jpg</path>
	<source>
		<database>roboflow.ai</database>
	</source>
	<size>
		<width>416</width>
		<height>416</height>
		<depth>3</depth>
	</size>
	<segmented>0</segmented>
	<object>
		<name>Scombridae -Tunas-</name>
		<pose>Unspecified</pose>
		<truncated>0</truncated>
		<difficult>0</difficult>
		<occluded>0</occluded>
		<bndbox>
			<xmin>1</xmin>
			<xmax>405</xmax>
			<ymin>116</ymin>
			<ymax>333</ymax>
		</bndbox>
	</object>
</annotation>
