<annotation>
	<folder></folder>
	<filename>FishDataset676_png_jpg.rf.484305fa564550db902ad6f3584ad254.jpg</filename>
	<path>FishDataset676_png_jpg.rf.484305fa564550db902ad6f3584ad254.jpg</path>
	<source>
		<database>roboflow.ai</database>
	</source>
	<size>
		<width>416</width>
		<height>416</height>
		<depth>3</depth>
	</size>
	<segmented>0</segmented>
	<object>
		<name>Acanthuridae -Surgeonfishes-</name>
		<pose>Unspecified</pose>
		<truncated>0</truncated>
		<difficult>0</difficult>
		<occluded>0</occluded>
		<bndbox>
			<xmin>157</xmin>
			<xmax>307</xmax>
			<ymin>188</ymin>
			<ymax>293</ymax>
		</bndbox>
	</object>
</annotation>
