<annotation>
	<folder></folder>
	<filename>FishDataset204_png_jpg.rf.79249d28466c1baeb84b6232187deed1.jpg</filename>
	<path>FishDataset204_png_jpg.rf.79249d28466c1baeb84b6232187deed1.jpg</path>
	<source>
		<database>roboflow.ai</database>
	</source>
	<size>
		<width>416</width>
		<height>416</height>
		<depth>3</depth>
	</size>
	<segmented>0</segmented>
	<object>
		<name>Acanthuridae -Surgeonfishes-</name>
		<pose>Unspecified</pose>
		<truncated>0</truncated>
		<difficult>0</difficult>
		<occluded>0</occluded>
		<bndbox>
			<xmin>131</xmin>
			<xmax>344</xmax>
			<ymin>140</ymin>
			<ymax>285</ymax>
		</bndbox>
	</object>
</annotation>
