<annotation>
	<folder></folder>
	<filename>FishDataset259_png_jpg.rf.84b8d0441ebfdebc7bccbf9b0f8ee675.jpg</filename>
	<path>FishDataset259_png_jpg.rf.84b8d0441ebfdebc7bccbf9b0f8ee675.jpg</path>
	<source>
		<database>roboflow.ai</database>
	</source>
	<size>
		<width>416</width>
		<height>416</height>
		<depth>3</depth>
	</size>
	<segmented>0</segmented>
	<object>
		<name>Scaridae -Parrotfishes-</name>
		<pose>Unspecified</pose>
		<truncated>0</truncated>
		<difficult>0</difficult>
		<occluded>0</occluded>
		<bndbox>
			<xmin>34</xmin>
			<xmax>381</xmax>
			<ymin>110</ymin>
			<ymax>328</ymax>
		</bndbox>
	</object>
</annotation>
