<annotation>
	<folder></folder>
	<filename>FishDataset309_png_jpg.rf.c0b4c7786fdd5f830df0f493872e8d4b.jpg</filename>
	<path>FishDataset309_png_jpg.rf.c0b4c7786fdd5f830df0f493872e8d4b.jpg</path>
	<source>
		<database>roboflow.ai</database>
	</source>
	<size>
		<width>416</width>
		<height>416</height>
		<depth>3</depth>
	</size>
	<segmented>0</segmented>
	<object>
		<name>Scaridae -Parrotfishes-</name>
		<pose>Unspecified</pose>
		<truncated>0</truncated>
		<difficult>0</difficult>
		<occluded>0</occluded>
		<bndbox>
			<xmin>7</xmin>
			<xmax>358</xmax>
			<ymin>112</ymin>
			<ymax>308</ymax>
		</bndbox>
	</object>
</annotation>
