<annotation>
	<folder></folder>
	<filename>FishDataset369_png_jpg.rf.dfeaab71a88936cbd0e5e7b945812549.jpg</filename>
	<path>FishDataset369_png_jpg.rf.dfeaab71a88936cbd0e5e7b945812549.jpg</path>
	<source>
		<database>roboflow.ai</database>
	</source>
	<size>
		<width>416</width>
		<height>416</height>
		<depth>3</depth>
	</size>
	<segmented>0</segmented>
	<object>
		<name>Shark -Selachimorpha-</name>
		<pose>Unspecified</pose>
		<truncated>0</truncated>
		<difficult>0</difficult>
		<occluded>0</occluded>
		<bndbox>
			<xmin>143</xmin>
			<xmax>346</xmax>
			<ymin>71</ymin>
			<ymax>304</ymax>
		</bndbox>
	</object>
</annotation>
