<annotation>
	<folder></folder>
	<filename>FishDataset174_png_jpg.rf.16371ce0d0fb919816239aa015c918ee.jpg</filename>
	<path>FishDataset174_png_jpg.rf.16371ce0d0fb919816239aa015c918ee.jpg</path>
	<source>
		<database>roboflow.ai</database>
	</source>
	<size>
		<width>416</width>
		<height>416</height>
		<depth>3</depth>
	</size>
	<segmented>0</segmented>
	<object>
		<name>Carangidae -Jacks-</name>
		<pose>Unspecified</pose>
		<truncated>0</truncated>
		<difficult>0</difficult>
		<occluded>0</occluded>
		<bndbox>
			<xmin>66</xmin>
			<xmax>314</xmax>
			<ymin>73</ymin>
			<ymax>353</ymax>
		</bndbox>
	</object>
</annotation>
