<annotation>
	<folder></folder>
	<filename>FishDataset237_png_jpg.rf.2b17a56b5fbb722b26157f90e360c766.jpg</filename>
	<path>FishDataset237_png_jpg.rf.2b17a56b5fbb722b26157f90e360c766.jpg</path>
	<source>
		<database>roboflow.ai</database>
	</source>
	<size>
		<width>416</width>
		<height>416</height>
		<depth>3</depth>
	</size>
	<segmented>0</segmented>
	<object>
		<name>Shark -Selachimorpha-</name>
		<pose>Unspecified</pose>
		<truncated>0</truncated>
		<difficult>0</difficult>
		<occluded>0</occluded>
		<bndbox>
			<xmin>54</xmin>
			<xmax>389</xmax>
			<ymin>25</ymin>
			<ymax>393</ymax>
		</bndbox>
	</object>
</annotation>
