<annotation>
	<folder></folder>
	<filename>FishDataset80_png_jpg.rf.d6f20fa587fad4c80c7fbf44fba62997.jpg</filename>
	<path>FishDataset80_png_jpg.rf.d6f20fa587fad4c80c7fbf44fba62997.jpg</path>
	<source>
		<database>roboflow.ai</database>
	</source>
	<size>
		<width>416</width>
		<height>416</height>
		<depth>3</depth>
	</size>
	<segmented>0</segmented>
	<object>
		<name>Serranidae -Groupers-</name>
		<pose>Unspecified</pose>
		<truncated>0</truncated>
		<difficult>0</difficult>
		<occluded>0</occluded>
		<bndbox>
			<xmin>119</xmin>
			<xmax>285</xmax>
			<ymin>88</ymin>
			<ymax>258</ymax>
		</bndbox>
	</object>
</annotation>
