<annotation>
	<folder></folder>
	<filename>FishDataset387_png_jpg.rf.e24e5e4fecdebc74f44d54457a64d4e8.jpg</filename>
	<path>FishDataset387_png_jpg.rf.e24e5e4fecdebc74f44d54457a64d4e8.jpg</path>
	<source>
		<database>roboflow.ai</database>
	</source>
	<size>
		<width>416</width>
		<height>416</height>
		<depth>3</depth>
	</size>
	<segmented>0</segmented>
	<object>
		<name>parrot</name>
		<pose>Unspecified</pose>
		<truncated>0</truncated>
		<difficult>0</difficult>
		<occluded>0</occluded>
		<bndbox>
			<xmin>50</xmin>
			<xmax>153</xmax>
			<ymin>247</ymin>
			<ymax>367</ymax>
		</bndbox>
	</object>
	<object>
		<name>surgeon</name>
		<pose>Unspecified</pose>
		<truncated>0</truncated>
		<difficult>0</difficult>
		<occluded>0</occluded>
		<bndbox>
			<xmin>121</xmin>
			<xmax>174</xmax>
			<ymin>341</ymin>
			<ymax>404</ymax>
		</bndbox>
	</object>
	<object>
		<name>parrot</name>
		<pose>Unspecified</pose>
		<truncated>0</truncated>
		<difficult>0</difficult>
		<occluded>0</occluded>
		<bndbox>
			<xmin>227</xmin>
			<xmax>289</xmax>
			<ymin>230</ymin>
			<ymax>295</ymax>
		</bndbox>
	</object>
	<object>
		<name>parrot</name>
		<pose>Unspecified</pose>
		<truncated>0</truncated>
		<difficult>0</difficult>
		<occluded>0</occluded>
		<bndbox>
			<xmin>223</xmin>
			<xmax>280</xmax>
			<ymin>299</ymin>
			<ymax>378</ymax>
		</bndbox>
	</object>
</annotation>
