<annotation>
	<folder></folder>
	<filename>FishDataset429_png_jpg.rf.e276327725310012219c1670dfb49c68.jpg</filename>
	<path>FishDataset429_png_jpg.rf.e276327725310012219c1670dfb49c68.jpg</path>
	<source>
		<database>roboflow.ai</database>
	</source>
	<size>
		<width>416</width>
		<height>416</height>
		<depth>3</depth>
	</size>
	<segmented>0</segmented>
	<object>
		<name>Scombridae -Tunas-</name>
		<pose>Unspecified</pose>
		<truncated>0</truncated>
		<difficult>0</difficult>
		<occluded>0</occluded>
		<bndbox>
			<xmin>14</xmin>
			<xmax>410</xmax>
			<ymin>112</ymin>
			<ymax>314</ymax>
		</bndbox>
	</object>
</annotation>
