<annotation>
	<folder></folder>
	<filename>FishDataset541_png_jpg.rf.3766e2575689d2c8112f4c8471fa2379.jpg</filename>
	<path>FishDataset541_png_jpg.rf.3766e2575689d2c8112f4c8471fa2379.jpg</path>
	<source>
		<database>roboflow.ai</database>
	</source>
	<size>
		<width>416</width>
		<height>416</height>
		<depth>3</depth>
	</size>
	<segmented>0</segmented>
	<object>
		<name>Serranidae -Groupers-</name>
		<pose>Unspecified</pose>
		<truncated>0</truncated>
		<difficult>0</difficult>
		<occluded>0</occluded>
		<bndbox>
			<xmin>27</xmin>
			<xmax>360</xmax>
			<ymin>144</ymin>
			<ymax>325</ymax>
		</bndbox>
	</object>
</annotation>
