<annotation>
	<folder></folder>
	<filename>FishDataset133_png_jpg.rf.f6ab34a4abe947b9a543d592a1c7b75a.jpg</filename>
	<path>FishDataset133_png_jpg.rf.f6ab34a4abe947b9a543d592a1c7b75a.jpg</path>
	<source>
		<database>roboflow.ai</database>
	</source>
	<size>
		<width>416</width>
		<height>416</height>
		<depth>3</depth>
	</size>
	<segmented>0</segmented>
	<object>
		<name>Serranidae -Groupers-</name>
		<pose>Unspecified</pose>
		<truncated>0</truncated>
		<difficult>0</difficult>
		<occluded>0</occluded>
		<bndbox>
			<xmin>129</xmin>
			<xmax>272</xmax>
			<ymin>32</ymin>
			<ymax>355</ymax>
		</bndbox>
	</object>
</annotation>
