<annotation>
	<folder></folder>
	<filename>FishDataset422_png_jpg.rf.03a7af7afc3d4fd069ca39d79bb744e3.jpg</filename>
	<path>FishDataset422_png_jpg.rf.03a7af7afc3d4fd069ca39d79bb744e3.jpg</path>
	<source>
		<database>roboflow.ai</database>
	</source>
	<size>
		<width>416</width>
		<height>416</height>
		<depth>3</depth>
	</size>
	<segmented>0</segmented>
	<object>
		<name>Lutjanidae -Snappers-</name>
		<pose>Unspecified</pose>
		<truncated>0</truncated>
		<difficult>0</difficult>
		<occluded>0</occluded>
		<bndbox>
			<xmin>30</xmin>
			<xmax>400</xmax>
			<ymin>100</ymin>
			<ymax>303</ymax>
		</bndbox>
	</object>
</annotation>
