<annotation>
	<folder></folder>
	<filename>FishDataset132_png_jpg.rf.2445a9e1236537da4115029b6c82f5b8.jpg</filename>
	<path>FishDataset132_png_jpg.rf.2445a9e1236537da4115029b6c82f5b8.jpg</path>
	<source>
		<database>roboflow.ai</database>
	</source>
	<size>
		<width>416</width>
		<height>416</height>
		<depth>3</depth>
	</size>
	<segmented>0</segmented>
	<object>
		<name>Carangidae -Jacks-</name>
		<pose>Unspecified</pose>
		<truncated>0</truncated>
		<difficult>0</difficult>
		<occluded>0</occluded>
		<bndbox>
			<xmin>98</xmin>
			<xmax>367</xmax>
			<ymin>44</ymin>
			<ymax>318</ymax>
		</bndbox>
	</object>
</annotation>
