<annotation>
	<folder></folder>
	<filename>FishDataset696_png_jpg.rf.6cb9d86e615daea09d957aadedec80ec.jpg</filename>
	<path>FishDataset696_png_jpg.rf.6cb9d86e615daea09d957aadedec80ec.jpg</path>
	<source>
		<database>roboflow.ai</database>
	</source>
	<size>
		<width>416</width>
		<height>416</height>
		<depth>3</depth>
	</size>
	<segmented>0</segmented>
	<object>
		<name>Serranidae -Groupers-</name>
		<pose>Unspecified</pose>
		<truncated>0</truncated>
		<difficult>0</difficult>
		<occluded>0</occluded>
		<bndbox>
			<xmin>47</xmin>
			<xmax>368</xmax>
			<ymin>61</ymin>
			<ymax>335</ymax>
		</bndbox>
	</object>
</annotation>
