<annotation>
	<folder></folder>
	<filename>FishDataset78_png_jpg.rf.7fb9aae8cdb09d04422edd38aa2f1f71.jpg</filename>
	<path>FishDataset78_png_jpg.rf.7fb9aae8cdb09d04422edd38aa2f1f71.jpg</path>
	<source>
		<database>roboflow.ai</database>
	</source>
	<size>
		<width>416</width>
		<height>416</height>
		<depth>3</depth>
	</size>
	<segmented>0</segmented>
	<object>
		<name>Serranidae -Groupers-</name>
		<pose>Unspecified</pose>
		<truncated>0</truncated>
		<difficult>0</difficult>
		<occluded>0</occluded>
		<bndbox>
			<xmin>65</xmin>
			<xmax>389</xmax>
			<ymin>65</ymin>
			<ymax>372</ymax>
		</bndbox>
	</object>
</annotation>
