<annotation>
	<folder></folder>
	<filename>FishDataset436_png_jpg.rf.6ba4f6fde1c87fa832af6fb2a556c289.jpg</filename>
	<path>FishDataset436_png_jpg.rf.6ba4f6fde1c87fa832af6fb2a556c289.jpg</path>
	<source>
		<database>roboflow.ai</database>
	</source>
	<size>
		<width>416</width>
		<height>416</height>
		<depth>3</depth>
	</size>
	<segmented>0</segmented>
	<object>
		<name>Scombridae -Tunas-</name>
		<pose>Unspecified</pose>
		<truncated>0</truncated>
		<difficult>0</difficult>
		<occluded>0</occluded>
		<bndbox>
			<xmin>212</xmin>
			<xmax>294</xmax>
			<ymin>10</ymin>
			<ymax>133</ymax>
		</bndbox>
	</object>
	<object>
		<name>Scombridae -Tunas-</name>
		<pose>Unspecified</pose>
		<truncated>0</truncated>
		<difficult>0</difficult>
		<occluded>0</occluded>
		<bndbox>
			<xmin>74</xmin>
			<xmax>370</xmax>
			<ymin>94</ymin>
			<ymax>355</ymax>
		</bndbox>
	</object>
</annotation>
