<annotation>
	<folder></folder>
	<filename>FishDataset621_png_jpg.rf.55e2c3b4bcf024fbf5b563370e9bb1fe.jpg</filename>
	<path>FishDataset621_png_jpg.rf.55e2c3b4bcf024fbf5b563370e9bb1fe.jpg</path>
	<source>
		<database>roboflow.ai</database>
	</source>
	<size>
		<width>416</width>
		<height>416</height>
		<depth>3</depth>
	</size>
	<segmented>0</segmented>
	<object>
		<name>Lutjanidae -Snappers-</name>
		<pose>Unspecified</pose>
		<truncated>0</truncated>
		<difficult>0</difficult>
		<occluded>0</occluded>
		<bndbox>
			<xmin>26</xmin>
			<xmax>407</xmax>
			<ymin>87</ymin>
			<ymax>347</ymax>
		</bndbox>
	</object>
</annotation>
