<annotation>
	<folder></folder>
	<filename>FishDataset587_png_jpg.rf.5abc1e1e4dcde84cba82ca3f811c6865.jpg</filename>
	<path>FishDataset587_png_jpg.rf.5abc1e1e4dcde84cba82ca3f811c6865.jpg</path>
	<source>
		<database>roboflow.ai</database>
	</source>
	<size>
		<width>416</width>
		<height>416</height>
		<depth>3</depth>
	</size>
	<segmented>0</segmented>
	<object>
		<name>Carangidae -Jacks-</name>
		<pose>Unspecified</pose>
		<truncated>0</truncated>
		<difficult>0</difficult>
		<occluded>0</occluded>
		<bndbox>
			<xmin>18</xmin>
			<xmax>412</xmax>
			<ymin>41</ymin>
			<ymax>333</ymax>
		</bndbox>
	</object>
</annotation>
