<annotation>
	<folder></folder>
	<filename>FishDataset517_png_jpg.rf.6fe86feb18020221875b291ceb70cc35.jpg</filename>
	<path>FishDataset517_png_jpg.rf.6fe86feb18020221875b291ceb70cc35.jpg</path>
	<source>
		<database>roboflow.ai</database>
	</source>
	<size>
		<width>416</width>
		<height>416</height>
		<depth>3</depth>
	</size>
	<segmented>0</segmented>
	<object>
		<name>Shark -Selachimorpha-</name>
		<pose>Unspecified</pose>
		<truncated>0</truncated>
		<difficult>0</difficult>
		<occluded>0</occluded>
		<bndbox>
			<xmin>1</xmin>
			<xmax>361</xmax>
			<ymin>53</ymin>
			<ymax>413</ymax>
		</bndbox>
	</object>
</annotation>
