<annotation>
	<folder></folder>
	<filename>FishDataset226_png_jpg.rf.439da335eada1768371f9781af4fe74c.jpg</filename>
	<path>FishDataset226_png_jpg.rf.439da335eada1768371f9781af4fe74c.jpg</path>
	<source>
		<database>roboflow.ai</database>
	</source>
	<size>
		<width>416</width>
		<height>416</height>
		<depth>3</depth>
	</size>
	<segmented>0</segmented>
	<object>
		<name>Lutjanidae -Snappers-</name>
		<pose>Unspecified</pose>
		<truncated>0</truncated>
		<difficult>0</difficult>
		<occluded>0</occluded>
		<bndbox>
			<xmin>23</xmin>
			<xmax>202</xmax>
			<ymin>93</ymin>
			<ymax>158</ymax>
		</bndbox>
	</object>
	<object>
		<name>Lutjanidae -Snappers-</name>
		<pose>Unspecified</pose>
		<truncated>0</truncated>
		<difficult>0</difficult>
		<occluded>0</occluded>
		<bndbox>
			<xmin>223</xmin>
			<xmax>337</xmax>
			<ymin>215</ymin>
			<ymax>308</ymax>
		</bndbox>
	</object>
</annotation>
