<annotation>
	<folder></folder>
	<filename>FishDataset114_png_jpg.rf.b398d570c9f440348fee0e4ed745efbd.jpg</filename>
	<path>FishDataset114_png_jpg.rf.b398d570c9f440348fee0e4ed745efbd.jpg</path>
	<source>
		<database>roboflow.ai</database>
	</source>
	<size>
		<width>416</width>
		<height>416</height>
		<depth>3</depth>
	</size>
	<segmented>0</segmented>
	<object>
		<name>surgeon</name>
		<pose>Unspecified</pose>
		<truncated>0</truncated>
		<difficult>0</difficult>
		<occluded>0</occluded>
		<bndbox>
			<xmin>210</xmin>
			<xmax>266</xmax>
			<ymin>40</ymin>
			<ymax>84</ymax>
		</bndbox>
	</object>
	<object>
		<name>surgeon</name>
		<pose>Unspecified</pose>
		<truncated>0</truncated>
		<difficult>0</difficult>
		<occluded>0</occluded>
		<bndbox>
			<xmin>155</xmin>
			<xmax>204</xmax>
			<ymin>54</ymin>
			<ymax>102</ymax>
		</bndbox>
	</object>
	<object>
		<name>surgeon</name>
		<pose>Unspecified</pose>
		<truncated>0</truncated>
		<difficult>0</difficult>
		<occluded>0</occluded>
		<bndbox>
			<xmin>78</xmin>
			<xmax>139</xmax>
			<ymin>107</ymin>
			<ymax>163</ymax>
		</bndbox>
	</object>
	<object>
		<name>surgeon</name>
		<pose>Unspecified</pose>
		<truncated>0</truncated>
		<difficult>0</difficult>
		<occluded>0</occluded>
		<bndbox>
			<xmin>54</xmin>
			<xmax>131</xmax>
			<ymin>135</ymin>
			<ymax>182</ymax>
		</bndbox>
	</object>
	<object>
		<name>surgeon</name>
		<pose>Unspecified</pose>
		<truncated>0</truncated>
		<difficult>0</difficult>
		<occluded>0</occluded>
		<bndbox>
			<xmin>117</xmin>
			<xmax>189</xmax>
			<ymin>115</ymin>
			<ymax>158</ymax>
		</bndbox>
	</object>
</annotation>
