<annotation>
	<folder></folder>
	<filename>FishDataset45_png_jpg.rf.b0b1b3d86c507740aa09760c34080208.jpg</filename>
	<path>FishDataset45_png_jpg.rf.b0b1b3d86c507740aa09760c34080208.jpg</path>
	<source>
		<database>roboflow.ai</database>
	</source>
	<size>
		<width>416</width>
		<height>416</height>
		<depth>3</depth>
	</size>
	<segmented>0</segmented>
	<object>
		<name>Scombridae -Tunas-</name>
		<pose>Unspecified</pose>
		<truncated>0</truncated>
		<difficult>0</difficult>
		<occluded>0</occluded>
		<bndbox>
			<xmin>48</xmin>
			<xmax>386</xmax>
			<ymin>151</ymin>
			<ymax>303</ymax>
		</bndbox>
	</object>
</annotation>
