<annotation>
	<folder></folder>
	<filename>FishDataset366_png_jpg.rf.3efa81e1c92da51d793fee23c0fbe625.jpg</filename>
	<path>FishDataset366_png_jpg.rf.3efa81e1c92da51d793fee23c0fbe625.jpg</path>
	<source>
		<database>roboflow.ai</database>
	</source>
	<size>
		<width>416</width>
		<height>416</height>
		<depth>3</depth>
	</size>
	<segmented>0</segmented>
	<object>
		<name>Scombridae -Tunas-</name>
		<pose>Unspecified</pose>
		<truncated>0</truncated>
		<difficult>0</difficult>
		<occluded>0</occluded>
		<bndbox>
			<xmin>10</xmin>
			<xmax>404</xmax>
			<ymin>127</ymin>
			<ymax>323</ymax>
		</bndbox>
	</object>
</annotation>
