<annotation>
	<folder></folder>
	<filename>FishDataset303_png_jpg.rf.def711bc6f7ffe31bd905db4ce3985fe.jpg</filename>
	<path>FishDataset303_png_jpg.rf.def711bc6f7ffe31bd905db4ce3985fe.jpg</path>
	<source>
		<database>roboflow.ai</database>
	</source>
	<size>
		<width>416</width>
		<height>416</height>
		<depth>3</depth>
	</size>
	<segmented>0</segmented>
	<object>
		<name>tuna</name>
		<pose>Unspecified</pose>
		<truncated>0</truncated>
		<difficult>0</difficult>
		<occluded>0</occluded>
		<bndbox>
			<xmin>54</xmin>
			<xmax>253</xmax>
			<ymin>137</ymin>
			<ymax>366</ymax>
		</bndbox>
	</object>
	<object>
		<name>tuna</name>
		<pose>Unspecified</pose>
		<truncated>0</truncated>
		<difficult>0</difficult>
		<occluded>0</occluded>
		<bndbox>
			<xmin>74</xmin>
			<xmax>201</xmax>
			<ymin>295</ymin>
			<ymax>412</ymax>
		</bndbox>
	</object>
	<object>
		<name>tuna</name>
		<pose>Unspecified</pose>
		<truncated>0</truncated>
		<difficult>0</difficult>
		<occluded>0</occluded>
		<bndbox>
			<xmin>132</xmin>
			<xmax>244</xmax>
			<ymin>1</ymin>
			<ymax>113</ymax>
		</bndbox>
	</object>
	<object>
		<name>tuna</name>
		<pose>Unspecified</pose>
		<truncated>0</truncated>
		<difficult>0</difficult>
		<occluded>0</occluded>
		<bndbox>
			<xmin>287</xmin>
			<xmax>416</xmax>
			<ymin>249</ymin>
			<ymax>405</ymax>
		</bndbox>
	</object>
</annotation>
