<annotation>
	<folder></folder>
	<filename>FishDataset440_png_jpg.rf.821fe5059e029a07704ac3f76cdd49f7.jpg</filename>
	<path>FishDataset440_png_jpg.rf.821fe5059e029a07704ac3f76cdd49f7.jpg</path>
	<source>
		<database>roboflow.ai</database>
	</source>
	<size>
		<width>416</width>
		<height>416</height>
		<depth>3</depth>
	</size>
	<segmented>0</segmented>
	<object>
		<name>grouper</name>
		<pose>Unspecified</pose>
		<truncated>0</truncated>
		<difficult>0</difficult>
		<occluded>0</occluded>
		<bndbox>
			<xmin>45</xmin>
			<xmax>382</xmax>
			<ymin>51</ymin>
			<ymax>367</ymax>
		</bndbox>
	</object>
</annotation>
