<annotation>
	<folder></folder>
	<filename>FishDataset155_png_jpg.rf.0c18973a8d0b246a3eccbe9fb9717c40.jpg</filename>
	<path>FishDataset155_png_jpg.rf.0c18973a8d0b246a3eccbe9fb9717c40.jpg</path>
	<source>
		<database>roboflow.ai</database>
	</source>
	<size>
		<width>416</width>
		<height>416</height>
		<depth>3</depth>
	</size>
	<segmented>0</segmented>
	<object>
		<name>Carangidae -Jacks-</name>
		<pose>Unspecified</pose>
		<truncated>0</truncated>
		<difficult>0</difficult>
		<occluded>0</occluded>
		<bndbox>
			<xmin>136</xmin>
			<xmax>331</xmax>
			<ymin>123</ymin>
			<ymax>292</ymax>
		</bndbox>
	</object>
	<object>
		<name>Carangidae -Jacks-</name>
		<pose>Unspecified</pose>
		<truncated>0</truncated>
		<difficult>0</difficult>
		<occluded>0</occluded>
		<bndbox>
			<xmin>245</xmin>
			<xmax>411</xmax>
			<ymin>202</ymin>
			<ymax>306</ymax>
		</bndbox>
	</object>
</annotation>
