<annotation>
	<folder></folder>
	<filename>FishDataset261_png_jpg.rf.9c89c765c671983d626277a53b2486bd.jpg</filename>
	<path>FishDataset261_png_jpg.rf.9c89c765c671983d626277a53b2486bd.jpg</path>
	<source>
		<database>roboflow.ai</database>
	</source>
	<size>
		<width>416</width>
		<height>416</height>
		<depth>3</depth>
	</size>
	<segmented>0</segmented>
	<object>
		<name>tuna</name>
		<pose>Unspecified</pose>
		<truncated>0</truncated>
		<difficult>0</difficult>
		<occluded>0</occluded>
		<bndbox>
			<xmin>20</xmin>
			<xmax>366</xmax>
			<ymin>124</ymin>
			<ymax>310</ymax>
		</bndbox>
	</object>
</annotation>
