<annotation>
	<folder></folder>
	<filename>FishDataset50_png_jpg.rf.28de25ffec68d9241933be80ce42813a.jpg</filename>
	<path>FishDataset50_png_jpg.rf.28de25ffec68d9241933be80ce42813a.jpg</path>
	<source>
		<database>roboflow.ai</database>
	</source>
	<size>
		<width>416</width>
		<height>416</height>
		<depth>3</depth>
	</size>
	<segmented>0</segmented>
	<object>
		<name>Scaridae -Parrotfishes-</name>
		<pose>Unspecified</pose>
		<truncated>0</truncated>
		<difficult>0</difficult>
		<occluded>0</occluded>
		<bndbox>
			<xmin>8</xmin>
			<xmax>402</xmax>
			<ymin>99</ymin>
			<ymax>350</ymax>
		</bndbox>
	</object>
</annotation>
