<annotation>
	<folder></folder>
	<filename>FishDataset585_png_jpg.rf.7f7ed2c4bd41fe9c05f0cbf75cbcd14e.jpg</filename>
	<path>FishDataset585_png_jpg.rf.7f7ed2c4bd41fe9c05f0cbf75cbcd14e.jpg</path>
	<source>
		<database>roboflow.ai</database>
	</source>
	<size>
		<width>416</width>
		<height>416</height>
		<depth>3</depth>
	</size>
	<segmented>0</segmented>
	<object>
		<name>Carangidae -Jacks-</name>
		<pose>Unspecified</pose>
		<truncated>0</truncated>
		<difficult>0</difficult>
		<occluded>0</occluded>
		<bndbox>
			<xmin>93</xmin>
			<xmax>265</xmax>
			<ymin>96</ymin>
			<ymax>247</ymax>
		</bndbox>
	</object>
	<object>
		<name>Carangidae -Jacks-</name>
		<pose>Unspecified</pose>
		<truncated>0</truncated>
		<difficult>0</difficult>
		<occluded>0</occluded>
		<bndbox>
			<xmin>141</xmin>
			<xmax>216</xmax>
			<ymin>273</ymin>
			<ymax>325</ymax>
		</bndbox>
	</object>
	<object>
		<name>Carangidae -Jacks-</name>
		<pose>Unspecified</pose>
		<truncated>0</truncated>
		<difficult>0</difficult>
		<occluded>0</occluded>
		<bndbox>
			<xmin>221</xmin>
			<xmax>331</xmax>
			<ymin>236</ymin>
			<ymax>310</ymax>
		</bndbox>
	</object>
	<object>
		<name>Carangidae -Jacks-</name>
		<pose>Unspecified</pose>
		<truncated>0</truncated>
		<difficult>0</difficult>
		<occluded>0</occluded>
		<bndbox>
			<xmin>247</xmin>
			<xmax>372</xmax>
			<ymin>171</ymin>
			<ymax>253</ymax>
		</bndbox>
	</object>
</annotation>
