<annotation>
	<folder></folder>
	<filename>FishDataset274_png_jpg.rf.99cac56984aa95613ead9f35e6c0b4ad.jpg</filename>
	<path>FishDataset274_png_jpg.rf.99cac56984aa95613ead9f35e6c0b4ad.jpg</path>
	<source>
		<database>roboflow.ai</database>
	</source>
	<size>
		<width>416</width>
		<height>416</height>
		<depth>3</depth>
	</size>
	<segmented>0</segmented>
	<object>
		<name>Carangidae -Jacks-</name>
		<pose>Unspecified</pose>
		<truncated>0</truncated>
		<difficult>0</difficult>
		<occluded>0</occluded>
		<bndbox>
			<xmin>18</xmin>
			<xmax>319</xmax>
			<ymin>95</ymin>
			<ymax>299</ymax>
		</bndbox>
	</object>
	<object>
		<name>Ephippidae -Spadefishes-</name>
		<pose>Unspecified</pose>
		<truncated>0</truncated>
		<difficult>0</difficult>
		<occluded>0</occluded>
		<bndbox>
			<xmin>170</xmin>
			<xmax>240</xmax>
			<ymin>306</ymin>
			<ymax>387</ymax>
		</bndbox>
	</object>
</annotation>
