<annotation>
	<folder></folder>
	<filename>FishDataset542_png_jpg.rf.0e754a42b450245fdd730f20726de55d.jpg</filename>
	<path>FishDataset542_png_jpg.rf.0e754a42b450245fdd730f20726de55d.jpg</path>
	<source>
		<database>roboflow.ai</database>
	</source>
	<size>
		<width>416</width>
		<height>416</height>
		<depth>3</depth>
	</size>
	<segmented>0</segmented>
	<object>
		<name>Serranidae -Groupers-</name>
		<pose>Unspecified</pose>
		<truncated>0</truncated>
		<difficult>0</difficult>
		<occluded>0</occluded>
		<bndbox>
			<xmin>60</xmin>
			<xmax>416</xmax>
			<ymin>57</ymin>
			<ymax>415</ymax>
		</bndbox>
	</object>
</annotation>
