<annotation>
	<folder></folder>
	<filename>FishDataset99_png_jpg.rf.74a6db1127d38aad37402ecdadae4c1c.jpg</filename>
	<path>FishDataset99_png_jpg.rf.74a6db1127d38aad37402ecdadae4c1c.jpg</path>
	<source>
		<database>roboflow.ai</database>
	</source>
	<size>
		<width>416</width>
		<height>416</height>
		<depth>3</depth>
	</size>
	<segmented>0</segmented>
	<object>
		<name>Acanthuridae -Surgeonfishes-</name>
		<pose>Unspecified</pose>
		<truncated>0</truncated>
		<difficult>0</difficult>
		<occluded>0</occluded>
		<bndbox>
			<xmin>159</xmin>
			<xmax>285</xmax>
			<ymin>169</ymin>
			<ymax>300</ymax>
		</bndbox>
	</object>
</annotation>
