<annotation>
	<folder></folder>
	<filename>FishDataset503_png_jpg.rf.9227cbb1509efbfc0971bf5f6768bed2.jpg</filename>
	<path>FishDataset503_png_jpg.rf.9227cbb1509efbfc0971bf5f6768bed2.jpg</path>
	<source>
		<database>roboflow.ai</database>
	</source>
	<size>
		<width>416</width>
		<height>416</height>
		<depth>3</depth>
	</size>
	<segmented>0</segmented>
	<object>
		<name>Serranidae -Groupers-</name>
		<pose>Unspecified</pose>
		<truncated>0</truncated>
		<difficult>0</difficult>
		<occluded>0</occluded>
		<bndbox>
			<xmin>100</xmin>
			<xmax>221</xmax>
			<ymin>182</ymin>
			<ymax>261</ymax>
		</bndbox>
	</object>
</annotation>
