<annotation>
	<folder></folder>
	<filename>FishDataset107_png_jpg.rf.3ab99eeb46b490b77c53935faf8bf37f.jpg</filename>
	<path>FishDataset107_png_jpg.rf.3ab99eeb46b490b77c53935faf8bf37f.jpg</path>
	<source>
		<database>roboflow.ai</database>
	</source>
	<size>
		<width>416</width>
		<height>416</height>
		<depth>3</depth>
	</size>
	<segmented>0</segmented>
	<object>
		<name>Carangidae -Jacks-</name>
		<pose>Unspecified</pose>
		<truncated>0</truncated>
		<difficult>0</difficult>
		<occluded>0</occluded>
		<bndbox>
			<xmin>15</xmin>
			<xmax>409</xmax>
			<ymin>16</ymin>
			<ymax>407</ymax>
		</bndbox>
	</object>
</annotation>
