<annotation>
	<folder></folder>
	<filename>FishDataset70_png_jpg.rf.2700bc99cf1c9bb8c4fb71cb6d407145.jpg</filename>
	<path>FishDataset70_png_jpg.rf.2700bc99cf1c9bb8c4fb71cb6d407145.jpg</path>
	<source>
		<database>roboflow.ai</database>
	</source>
	<size>
		<width>416</width>
		<height>416</height>
		<depth>3</depth>
	</size>
	<segmented>0</segmented>
	<object>
		<name>Scaridae -Parrotfishes-</name>
		<pose>Unspecified</pose>
		<truncated>0</truncated>
		<difficult>0</difficult>
		<occluded>0</occluded>
		<bndbox>
			<xmin>11</xmin>
			<xmax>391</xmax>
			<ymin>73</ymin>
			<ymax>315</ymax>
		</bndbox>
	</object>
</annotation>
