<annotation>
	<folder></folder>
	<filename>FishDataset371_png_jpg.rf.e67fd32c14f4c3bd8f5e3a2b58f1b611.jpg</filename>
	<path>FishDataset371_png_jpg.rf.e67fd32c14f4c3bd8f5e3a2b58f1b611.jpg</path>
	<source>
		<database>roboflow.ai</database>
	</source>
	<size>
		<width>416</width>
		<height>416</height>
		<depth>3</depth>
	</size>
	<segmented>0</segmented>
	<object>
		<name>Scombridae -Tunas-</name>
		<pose>Unspecified</pose>
		<truncated>0</truncated>
		<difficult>0</difficult>
		<occluded>0</occluded>
		<bndbox>
			<xmin>48</xmin>
			<xmax>388</xmax>
			<ymin>60</ymin>
			<ymax>393</ymax>
		</bndbox>
	</object>
</annotation>
