<annotation>
	<folder></folder>
	<filename>FishDataset179_png_jpg.rf.483f9a21aa4c10500afec376f2c09c30.jpg</filename>
	<path>FishDataset179_png_jpg.rf.483f9a21aa4c10500afec376f2c09c30.jpg</path>
	<source>
		<database>roboflow.ai</database>
	</source>
	<size>
		<width>416</width>
		<height>416</height>
		<depth>3</depth>
	</size>
	<segmented>0</segmented>
	<object>
		<name>Serranidae -Groupers-</name>
		<pose>Unspecified</pose>
		<truncated>0</truncated>
		<difficult>0</difficult>
		<occluded>0</occluded>
		<bndbox>
			<xmin>75</xmin>
			<xmax>217</xmax>
			<ymin>88</ymin>
			<ymax>306</ymax>
		</bndbox>
	</object>
</annotation>
