<annotation>
	<folder></folder>
	<filename>FishDataset228_png_jpg.rf.e3930db6e7b846e1d3d1586924368867.jpg</filename>
	<path>FishDataset228_png_jpg.rf.e3930db6e7b846e1d3d1586924368867.jpg</path>
	<source>
		<database>roboflow.ai</database>
	</source>
	<size>
		<width>416</width>
		<height>416</height>
		<depth>3</depth>
	</size>
	<segmented>0</segmented>
	<object>
		<name>jack</name>
		<pose>Unspecified</pose>
		<truncated>0</truncated>
		<difficult>0</difficult>
		<occluded>0</occluded>
		<bndbox>
			<xmin>111</xmin>
			<xmax>290</xmax>
			<ymin>149</ymin>
			<ymax>315</ymax>
		</bndbox>
	</object>
</annotation>
