<annotation>
	<folder></folder>
	<filename>FishDataset254_png_jpg.rf.acb13de6c00286de56b6e855a4c3bd9e.jpg</filename>
	<path>FishDataset254_png_jpg.rf.acb13de6c00286de56b6e855a4c3bd9e.jpg</path>
	<source>
		<database>roboflow.ai</database>
	</source>
	<size>
		<width>416</width>
		<height>416</height>
		<depth>3</depth>
	</size>
	<segmented>0</segmented>
	<object>
		<name>Acanthuridae -Surgeonfishes-</name>
		<pose>Unspecified</pose>
		<truncated>0</truncated>
		<difficult>0</difficult>
		<occluded>0</occluded>
		<bndbox>
			<xmin>167</xmin>
			<xmax>299</xmax>
			<ymin>80</ymin>
			<ymax>183</ymax>
		</bndbox>
	</object>
	<object>
		<name>Acanthuridae -Surgeonfishes-</name>
		<pose>Unspecified</pose>
		<truncated>0</truncated>
		<difficult>0</difficult>
		<occluded>0</occluded>
		<bndbox>
			<xmin>274</xmin>
			<xmax>416</xmax>
			<ymin>58</ymin>
			<ymax>150</ymax>
		</bndbox>
	</object>
</annotation>
