<annotation>
	<folder></folder>
	<filename>FishDataset86_png_jpg.rf.dce906c6f1cc15f0f0b9c503cd18e149.jpg</filename>
	<path>FishDataset86_png_jpg.rf.dce906c6f1cc15f0f0b9c503cd18e149.jpg</path>
	<source>
		<database>roboflow.ai</database>
	</source>
	<size>
		<width>416</width>
		<height>416</height>
		<depth>3</depth>
	</size>
	<segmented>0</segmented>
	<object>
		<name>jack</name>
		<pose>Unspecified</pose>
		<truncated>0</truncated>
		<difficult>0</difficult>
		<occluded>0</occluded>
		<bndbox>
			<xmin>21</xmin>
			<xmax>385</xmax>
			<ymin>60</ymin>
			<ymax>338</ymax>
		</bndbox>
	</object>
</annotation>
