<annotation>
	<folder></folder>
	<filename>FishDataset684_png_jpg.rf.a259991dd68bbae313e9729cbd208d5b.jpg</filename>
	<path>FishDataset684_png_jpg.rf.a259991dd68bbae313e9729cbd208d5b.jpg</path>
	<source>
		<database>roboflow.ai</database>
	</source>
	<size>
		<width>416</width>
		<height>416</height>
		<depth>3</depth>
	</size>
	<segmented>0</segmented>
	<object>
		<name>Shark -Selachimorpha-</name>
		<pose>Unspecified</pose>
		<truncated>0</truncated>
		<difficult>0</difficult>
		<occluded>0</occluded>
		<bndbox>
			<xmin>217</xmin>
			<xmax>416</xmax>
			<ymin>81</ymin>
			<ymax>319</ymax>
		</bndbox>
	</object>
</annotation>
