<annotation>
	<folder></folder>
	<filename>FishDataset253_png_jpg.rf.d64eb42b30a78ec7921ddfac5318057a.jpg</filename>
	<path>FishDataset253_png_jpg.rf.d64eb42b30a78ec7921ddfac5318057a.jpg</path>
	<source>
		<database>roboflow.ai</database>
	</source>
	<size>
		<width>416</width>
		<height>416</height>
		<depth>3</depth>
	</size>
	<segmented>0</segmented>
	<object>
		<name>Lutjanidae -Snappers-</name>
		<pose>Unspecified</pose>
		<truncated>0</truncated>
		<difficult>0</difficult>
		<occluded>0</occluded>
		<bndbox>
			<xmin>116</xmin>
			<xmax>312</xmax>
			<ymin>56</ymin>
			<ymax>331</ymax>
		</bndbox>
	</object>
</annotation>
