<annotation>
	<folder></folder>
	<filename>FishDataset112_png_jpg.rf.5a3b86b547e7fdd809137910c8971fc1.jpg</filename>
	<path>FishDataset112_png_jpg.rf.5a3b86b547e7fdd809137910c8971fc1.jpg</path>
	<source>
		<database>roboflow.ai</database>
	</source>
	<size>
		<width>416</width>
		<height>416</height>
		<depth>3</depth>
	</size>
	<segmented>0</segmented>
	<object>
		<name>Acanthuridae -Surgeonfishes-</name>
		<pose>Unspecified</pose>
		<truncated>0</truncated>
		<difficult>0</difficult>
		<occluded>0</occluded>
		<bndbox>
			<xmin>1</xmin>
			<xmax>120</xmax>
			<ymin>13</ymin>
			<ymax>105</ymax>
		</bndbox>
	</object>
	<object>
		<name>Acanthuridae -Surgeonfishes-</name>
		<pose>Unspecified</pose>
		<truncated>0</truncated>
		<difficult>0</difficult>
		<occluded>0</occluded>
		<bndbox>
			<xmin>174</xmin>
			<xmax>312</xmax>
			<ymin>38</ymin>
			<ymax>108</ymax>
		</bndbox>
	</object>
	<object>
		<name>Acanthuridae -Surgeonfishes-</name>
		<pose>Unspecified</pose>
		<truncated>0</truncated>
		<difficult>0</difficult>
		<occluded>0</occluded>
		<bndbox>
			<xmin>32</xmin>
			<xmax>208</xmax>
			<ymin>109</ymin>
			<ymax>206</ymax>
		</bndbox>
	</object>
	<object>
		<name>Acanthuridae -Surgeonfishes-</name>
		<pose>Unspecified</pose>
		<truncated>0</truncated>
		<difficult>0</difficult>
		<occluded>0</occluded>
		<bndbox>
			<xmin>78</xmin>
			<xmax>255</xmax>
			<ymin>250</ymin>
			<ymax>345</ymax>
		</bndbox>
	</object>
	<object>
		<name>Acanthuridae -Surgeonfishes-</name>
		<pose>Unspecified</pose>
		<truncated>0</truncated>
		<difficult>0</difficult>
		<occluded>0</occluded>
		<bndbox>
			<xmin>90</xmin>
			<xmax>252</xmax>
			<ymin>360</ymin>
			<ymax>414</ymax>
		</bndbox>
	</object>
	<object>
		<name>Acanthuridae -Surgeonfishes-</name>
		<pose>Unspecified</pose>
		<truncated>0</truncated>
		<difficult>0</difficult>
		<occluded>0</occluded>
		<bndbox>
			<xmin>268</xmin>
			<xmax>393</xmax>
			<ymin>105</ymin>
			<ymax>185</ymax>
		</bndbox>
	</object>
	<object>
		<name>Acanthuridae -Surgeonfishes-</name>
		<pose>Unspecified</pose>
		<truncated>0</truncated>
		<difficult>0</difficult>
		<occluded>0</occluded>
		<bndbox>
			<xmin>180</xmin>
			<xmax>260</xmax>
			<ymin>115</ymin>
			<ymax>170</ymax>
		</bndbox>
	</object>
	<object>
		<name>Acanthuridae -Surgeonfishes-</name>
		<pose>Unspecified</pose>
		<truncated>0</truncated>
		<difficult>0</difficult>
		<occluded>0</occluded>
		<bndbox>
			<xmin>318</xmin>
			<xmax>416</xmax>
			<ymin>208</ymin>
			<ymax>288</ymax>
		</bndbox>
	</object>
	<object>
		<name>Acanthuridae -Surgeonfishes-</name>
		<pose>Unspecified</pose>
		<truncated>0</truncated>
		<difficult>0</difficult>
		<occluded>0</occluded>
		<bndbox>
			<xmin>242</xmin>
			<xmax>365</xmax>
			<ymin>192</ymin>
			<ymax>266</ymax>
		</bndbox>
	</object>
</annotation>
