<annotation>
	<folder></folder>
	<filename>FishDataset305_png_jpg.rf.6ce415a49998bc373302cd4889b8acf2.jpg</filename>
	<path>FishDataset305_png_jpg.rf.6ce415a49998bc373302cd4889b8acf2.jpg</path>
	<source>
		<database>roboflow.ai</database>
	</source>
	<size>
		<width>416</width>
		<height>416</height>
		<depth>3</depth>
	</size>
	<segmented>0</segmented>
	<object>
		<name>Serranidae -Groupers-</name>
		<pose>Unspecified</pose>
		<truncated>0</truncated>
		<difficult>0</difficult>
		<occluded>0</occluded>
		<bndbox>
			<xmin>142</xmin>
			<xmax>257</xmax>
			<ymin>200</ymin>
			<ymax>397</ymax>
		</bndbox>
	</object>
</annotation>
