<annotation>
	<folder></folder>
	<filename>FishDataset240_png_jpg.rf.2365285941e7d64f27101beb82accbc8.jpg</filename>
	<path>FishDataset240_png_jpg.rf.2365285941e7d64f27101beb82accbc8.jpg</path>
	<source>
		<database>roboflow.ai</database>
	</source>
	<size>
		<width>416</width>
		<height>416</height>
		<depth>3</depth>
	</size>
	<segmented>0</segmented>
	<object>
		<name>Carangidae -Jacks-</name>
		<pose>Unspecified</pose>
		<truncated>0</truncated>
		<difficult>0</difficult>
		<occluded>0</occluded>
		<bndbox>
			<xmin>70</xmin>
			<xmax>347</xmax>
			<ymin>64</ymin>
			<ymax>347</ymax>
		</bndbox>
	</object>
</annotation>
