<annotation>
	<folder></folder>
	<filename>FishDataset510_png_jpg.rf.74782303e91ef4dd58dd0db35a438c07.jpg</filename>
	<path>FishDataset510_png_jpg.rf.74782303e91ef4dd58dd0db35a438c07.jpg</path>
	<source>
		<database>roboflow.ai</database>
	</source>
	<size>
		<width>416</width>
		<height>416</height>
		<depth>3</depth>
	</size>
	<segmented>0</segmented>
	<object>
		<name>Shark -Selachimorpha-</name>
		<pose>Unspecified</pose>
		<truncated>0</truncated>
		<difficult>0</difficult>
		<occluded>0</occluded>
		<bndbox>
			<xmin>1</xmin>
			<xmax>365</xmax>
			<ymin>197</ymin>
			<ymax>411</ymax>
		</bndbox>
	</object>
	<object>
		<name>Shark -Selachimorpha-</name>
		<pose>Unspecified</pose>
		<truncated>0</truncated>
		<difficult>0</difficult>
		<occluded>0</occluded>
		<bndbox>
			<xmin>188</xmin>
			<xmax>412</xmax>
			<ymin>99</ymin>
			<ymax>250</ymax>
		</bndbox>
	</object>
	<object>
		<name>Shark -Selachimorpha-</name>
		<pose>Unspecified</pose>
		<truncated>0</truncated>
		<difficult>0</difficult>
		<occluded>0</occluded>
		<bndbox>
			<xmin>340</xmin>
			<xmax>410</xmax>
			<ymin>242</ymin>
			<ymax>414</ymax>
		</bndbox>
	</object>
	<object>
		<name>Shark -Selachimorpha-</name>
		<pose>Unspecified</pose>
		<truncated>0</truncated>
		<difficult>0</difficult>
		<occluded>0</occluded>
		<bndbox>
			<xmin>3</xmin>
			<xmax>237</xmax>
			<ymin>96</ymin>
			<ymax>265</ymax>
		</bndbox>
	</object>
</annotation>
