<annotation>
	<folder></folder>
	<filename>FishDataset619_png_jpg.rf.b626463d15b7ce5bb9400a39edf63329.jpg</filename>
	<path>FishDataset619_png_jpg.rf.b626463d15b7ce5bb9400a39edf63329.jpg</path>
	<source>
		<database>roboflow.ai</database>
	</source>
	<size>
		<width>416</width>
		<height>416</height>
		<depth>3</depth>
	</size>
	<segmented>0</segmented>
	<object>
		<name>Lutjanidae -Snappers-</name>
		<pose>Unspecified</pose>
		<truncated>0</truncated>
		<difficult>0</difficult>
		<occluded>0</occluded>
		<bndbox>
			<xmin>30</xmin>
			<xmax>411</xmax>
			<ymin>147</ymin>
			<ymax>322</ymax>
		</bndbox>
	</object>
</annotation>
