<annotation>
	<folder></folder>
	<filename>FishDataset361_png_jpg.rf.41b62528db90bbf4dc1254e92e410ea6.jpg</filename>
	<path>FishDataset361_png_jpg.rf.41b62528db90bbf4dc1254e92e410ea6.jpg</path>
	<source>
		<database>roboflow.ai</database>
	</source>
	<size>
		<width>416</width>
		<height>416</height>
		<depth>3</depth>
	</size>
	<segmented>0</segmented>
	<object>
		<name>Acanthuridae -Surgeonfishes-</name>
		<pose>Unspecified</pose>
		<truncated>0</truncated>
		<difficult>0</difficult>
		<occluded>0</occluded>
		<bndbox>
			<xmin>185</xmin>
			<xmax>312</xmax>
			<ymin>119</ymin>
			<ymax>202</ymax>
		</bndbox>
	</object>
</annotation>
