<annotation>
	<folder></folder>
	<filename>FishDataset199_png_jpg.rf.d7c54e34e691991bc2344b654c9f92e2.jpg</filename>
	<path>FishDataset199_png_jpg.rf.d7c54e34e691991bc2344b654c9f92e2.jpg</path>
	<source>
		<database>roboflow.ai</database>
	</source>
	<size>
		<width>416</width>
		<height>416</height>
		<depth>3</depth>
	</size>
	<segmented>0</segmented>
	<object>
		<name>shark</name>
		<pose>Unspecified</pose>
		<truncated>0</truncated>
		<difficult>0</difficult>
		<occluded>0</occluded>
		<bndbox>
			<xmin>132</xmin>
			<xmax>307</xmax>
			<ymin>112</ymin>
			<ymax>350</ymax>
		</bndbox>
	</object>
</annotation>
