<annotation>
	<folder></folder>
	<filename>FishDataset732_png_jpg.rf.b6de9e54995c3111fc5c523334cc4965.jpg</filename>
	<path>FishDataset732_png_jpg.rf.b6de9e54995c3111fc5c523334cc4965.jpg</path>
	<source>
		<database>roboflow.ai</database>
	</source>
	<size>
		<width>416</width>
		<height>416</height>
		<depth>3</depth>
	</size>
	<segmented>0</segmented>
	<object>
		<name>Scaridae -Parrotfishes-</name>
		<pose>Unspecified</pose>
		<truncated>0</truncated>
		<difficult>0</difficult>
		<occluded>0</occluded>
		<bndbox>
			<xmin>114</xmin>
			<xmax>299</xmax>
			<ymin>172</ymin>
			<ymax>326</ymax>
		</bndbox>
	</object>
</annotation>
