<annotation>
	<folder></folder>
	<filename>FishDataset177_png_jpg.rf.8b7a8e1e5f0713620817e31e1fa5def8.jpg</filename>
	<path>FishDataset177_png_jpg.rf.8b7a8e1e5f0713620817e31e1fa5def8.jpg</path>
	<source>
		<database>roboflow.ai</database>
	</source>
	<size>
		<width>416</width>
		<height>416</height>
		<depth>3</depth>
	</size>
	<segmented>0</segmented>
	<object>
		<name>Acanthuridae -Surgeonfishes-</name>
		<pose>Unspecified</pose>
		<truncated>0</truncated>
		<difficult>0</difficult>
		<occluded>0</occluded>
		<bndbox>
			<xmin>148</xmin>
			<xmax>380</xmax>
			<ymin>126</ymin>
			<ymax>382</ymax>
		</bndbox>
	</object>
</annotation>
