<annotation>
	<folder></folder>
	<filename>FishDataset65_png_jpg.rf.4e2a814194c6b728e5d18c1d49dfca4f.jpg</filename>
	<path>FishDataset65_png_jpg.rf.4e2a814194c6b728e5d18c1d49dfca4f.jpg</path>
	<source>
		<database>roboflow.ai</database>
	</source>
	<size>
		<width>416</width>
		<height>416</height>
		<depth>3</depth>
	</size>
	<segmented>0</segmented>
	<object>
		<name>Serranidae -Groupers-</name>
		<pose>Unspecified</pose>
		<truncated>0</truncated>
		<difficult>0</difficult>
		<occluded>0</occluded>
		<bndbox>
			<xmin>93</xmin>
			<xmax>298</xmax>
			<ymin>52</ymin>
			<ymax>315</ymax>
		</bndbox>
	</object>
</annotation>
