<annotation>
	<folder></folder>
	<filename>FishDataset264_png_jpg.rf.e1d7419cb03fdf7478880ca56bfae85a.jpg</filename>
	<path>FishDataset264_png_jpg.rf.e1d7419cb03fdf7478880ca56bfae85a.jpg</path>
	<source>
		<database>roboflow.ai</database>
	</source>
	<size>
		<width>416</width>
		<height>416</height>
		<depth>3</depth>
	</size>
	<segmented>0</segmented>
	<object>
		<name>grouper</name>
		<pose>Unspecified</pose>
		<truncated>0</truncated>
		<difficult>0</difficult>
		<occluded>0</occluded>
		<bndbox>
			<xmin>23</xmin>
			<xmax>385</xmax>
			<ymin>61</ymin>
			<ymax>335</ymax>
		</bndbox>
	</object>
</annotation>
