<annotation>
	<folder></folder>
	<filename>FishDataset276_png_jpg.rf.04c5dab35cfcbcf958e65c310703bffd.jpg</filename>
	<path>FishDataset276_png_jpg.rf.04c5dab35cfcbcf958e65c310703bffd.jpg</path>
	<source>
		<database>roboflow.ai</database>
	</source>
	<size>
		<width>416</width>
		<height>416</height>
		<depth>3</depth>
	</size>
	<segmented>0</segmented>
	<object>
		<name>jack</name>
		<pose>Unspecified</pose>
		<truncated>0</truncated>
		<difficult>0</difficult>
		<occluded>0</occluded>
		<bndbox>
			<xmin>52</xmin>
			<xmax>358</xmax>
			<ymin>98</ymin>
			<ymax>355</ymax>
		</bndbox>
	</object>
</annotation>
