<annotation>
	<folder></folder>
	<filename>FishDataset53_png_jpg.rf.f0a63e55d2bf21604a757385d7c4ddd2.jpg</filename>
	<path>FishDataset53_png_jpg.rf.f0a63e55d2bf21604a757385d7c4ddd2.jpg</path>
	<source>
		<database>roboflow.ai</database>
	</source>
	<size>
		<width>416</width>
		<height>416</height>
		<depth>3</depth>
	</size>
	<segmented>0</segmented>
	<object>
		<name>Shark -Selachimorpha-</name>
		<pose>Unspecified</pose>
		<truncated>0</truncated>
		<difficult>0</difficult>
		<occluded>0</occluded>
		<bndbox>
			<xmin>43</xmin>
			<xmax>408</xmax>
			<ymin>137</ymin>
			<ymax>273</ymax>
		</bndbox>
	</object>
</annotation>
