<annotation>
	<folder></folder>
	<filename>FishDataset29_png_jpg.rf.42f3cf546f9f2951f782c1c5b4c208fd.jpg</filename>
	<path>FishDataset29_png_jpg.rf.42f3cf546f9f2951f782c1c5b4c208fd.jpg</path>
	<source>
		<database>roboflow.ai</database>
	</source>
	<size>
		<width>416</width>
		<height>416</height>
		<depth>3</depth>
	</size>
	<segmented>0</segmented>
	<object>
		<name>Serranidae -Groupers-</name>
		<pose>Unspecified</pose>
		<truncated>0</truncated>
		<difficult>0</difficult>
		<occluded>0</occluded>
		<bndbox>
			<xmin>56</xmin>
			<xmax>301</xmax>
			<ymin>133</ymin>
			<ymax>332</ymax>
		</bndbox>
	</object>
</annotation>
