<annotation>
	<folder></folder>
	<filename>FishDataset101_png_jpg.rf.d37aac5e37014574ba77bc5760640c46.jpg</filename>
	<path>FishDataset101_png_jpg.rf.d37aac5e37014574ba77bc5760640c46.jpg</path>
	<source>
		<database>roboflow.ai</database>
	</source>
	<size>
		<width>416</width>
		<height>416</height>
		<depth>3</depth>
	</size>
	<segmented>0</segmented>
	<object>
		<name>surgeon</name>
		<pose>Unspecified</pose>
		<truncated>0</truncated>
		<difficult>0</difficult>
		<occluded>0</occluded>
		<bndbox>
			<xmin>230</xmin>
			<xmax>342</xmax>
			<ymin>253</ymin>
			<ymax>319</ymax>
		</bndbox>
	</object>
	<object>
		<name>surgeon</name>
		<pose>Unspecified</pose>
		<truncated>0</truncated>
		<difficult>0</difficult>
		<occluded>0</occluded>
		<bndbox>
			<xmin>181</xmin>
			<xmax>203</xmax>
			<ymin>157</ymin>
			<ymax>217</ymax>
		</bndbox>
	</object>
	<object>
		<name>surgeon</name>
		<pose>Unspecified</pose>
		<truncated>0</truncated>
		<difficult>0</difficult>
		<occluded>0</occluded>
		<bndbox>
			<xmin>191</xmin>
			<xmax>253</xmax>
			<ymin>91</ymin>
			<ymax>127</ymax>
		</bndbox>
	</object>
	<object>
		<name>surgeon</name>
		<pose>Unspecified</pose>
		<truncated>0</truncated>
		<difficult>0</difficult>
		<occluded>0</occluded>
		<bndbox>
			<xmin>156</xmin>
			<xmax>192</xmax>
			<ymin>1</ymin>
			<ymax>34</ymax>
		</bndbox>
	</object>
	<object>
		<name>surgeon</name>
		<pose>Unspecified</pose>
		<truncated>0</truncated>
		<difficult>0</difficult>
		<occluded>0</occluded>
		<bndbox>
			<xmin>1</xmin>
			<xmax>28</xmax>
			<ymin>274</ymin>
			<ymax>354</ymax>
		</bndbox>
	</object>
</annotation>
