<annotation>
	<folder></folder>
	<filename>FishDataset720_png_jpg.rf.834ea23afcacd65aa87aa955f2342c11.jpg</filename>
	<path>FishDataset720_png_jpg.rf.834ea23afcacd65aa87aa955f2342c11.jpg</path>
	<source>
		<database>roboflow.ai</database>
	</source>
	<size>
		<width>416</width>
		<height>416</height>
		<depth>3</depth>
	</size>
	<segmented>0</segmented>
	<object>
		<name>Serranidae -Groupers-</name>
		<pose>Unspecified</pose>
		<truncated>0</truncated>
		<difficult>0</difficult>
		<occluded>0</occluded>
		<bndbox>
			<xmin>113</xmin>
			<xmax>320</xmax>
			<ymin>106</ymin>
			<ymax>274</ymax>
		</bndbox>
	</object>
</annotation>
