<annotation>
	<folder></folder>
	<filename>FishDataset94_png_jpg.rf.4dbd180b560789c41064046b8ebab948.jpg</filename>
	<path>FishDataset94_png_jpg.rf.4dbd180b560789c41064046b8ebab948.jpg</path>
	<source>
		<database>roboflow.ai</database>
	</source>
	<size>
		<width>416</width>
		<height>416</height>
		<depth>3</depth>
	</size>
	<segmented>0</segmented>
	<object>
		<name>Scombridae -Tunas-</name>
		<pose>Unspecified</pose>
		<truncated>0</truncated>
		<difficult>0</difficult>
		<occluded>0</occluded>
		<bndbox>
			<xmin>71</xmin>
			<xmax>128</xmax>
			<ymin>56</ymin>
			<ymax>106</ymax>
		</bndbox>
	</object>
	<object>
		<name>Scombridae -Tunas-</name>
		<pose>Unspecified</pose>
		<truncated>0</truncated>
		<difficult>0</difficult>
		<occluded>0</occluded>
		<bndbox>
			<xmin>12</xmin>
			<xmax>355</xmax>
			<ymin>115</ymin>
			<ymax>367</ymax>
		</bndbox>
	</object>
</annotation>
