<annotation>
	<folder></folder>
	<filename>FishDataset52_png_jpg.rf.f532e870938c8711672237df8c3ad179.jpg</filename>
	<path>FishDataset52_png_jpg.rf.f532e870938c8711672237df8c3ad179.jpg</path>
	<source>
		<database>roboflow.ai</database>
	</source>
	<size>
		<width>416</width>
		<height>416</height>
		<depth>3</depth>
	</size>
	<segmented>0</segmented>
	<object>
		<name>Lutjanidae -Snappers-</name>
		<pose>Unspecified</pose>
		<truncated>0</truncated>
		<difficult>0</difficult>
		<occluded>0</occluded>
		<bndbox>
			<xmin>68</xmin>
			<xmax>345</xmax>
			<ymin>52</ymin>
			<ymax>264</ymax>
		</bndbox>
	</object>
	<object>
		<name>Lutjanidae -Snappers-</name>
		<pose>Unspecified</pose>
		<truncated>0</truncated>
		<difficult>0</difficult>
		<occluded>0</occluded>
		<bndbox>
			<xmin>186</xmin>
			<xmax>403</xmax>
			<ymin>96</ymin>
			<ymax>379</ymax>
		</bndbox>
	</object>
</annotation>
