<annotation>
	<folder></folder>
	<filename>FishDataset312_png_jpg.rf.0ea53bfc33b2ec65300389d83a9ec14d.jpg</filename>
	<path>FishDataset312_png_jpg.rf.0ea53bfc33b2ec65300389d83a9ec14d.jpg</path>
	<source>
		<database>roboflow.ai</database>
	</source>
	<size>
		<width>416</width>
		<height>416</height>
		<depth>3</depth>
	</size>
	<segmented>0</segmented>
	<object>
		<name>Shark -Selachimorpha-</name>
		<pose>Unspecified</pose>
		<truncated>0</truncated>
		<difficult>0</difficult>
		<occluded>0</occluded>
		<bndbox>
			<xmin>147</xmin>
			<xmax>265</xmax>
			<ymin>50</ymin>
			<ymax>148</ymax>
		</bndbox>
	</object>
	<object>
		<name>Shark -Selachimorpha-</name>
		<pose>Unspecified</pose>
		<truncated>0</truncated>
		<difficult>0</difficult>
		<occluded>0</occluded>
		<bndbox>
			<xmin>25</xmin>
			<xmax>91</xmax>
			<ymin>73</ymin>
			<ymax>133</ymax>
		</bndbox>
	</object>
	<object>
		<name>Shark -Selachimorpha-</name>
		<pose>Unspecified</pose>
		<truncated>0</truncated>
		<difficult>0</difficult>
		<occluded>0</occluded>
		<bndbox>
			<xmin>47</xmin>
			<xmax>135</xmax>
			<ymin>99</ymin>
			<ymax>169</ymax>
		</bndbox>
	</object>
	<object>
		<name>Shark -Selachimorpha-</name>
		<pose>Unspecified</pose>
		<truncated>0</truncated>
		<difficult>0</difficult>
		<occluded>0</occluded>
		<bndbox>
			<xmin>143</xmin>
			<xmax>248</xmax>
			<ymin>156</ymin>
			<ymax>239</ymax>
		</bndbox>
	</object>
	<object>
		<name>Shark -Selachimorpha-</name>
		<pose>Unspecified</pose>
		<truncated>0</truncated>
		<difficult>0</difficult>
		<occluded>0</occluded>
		<bndbox>
			<xmin>132</xmin>
			<xmax>208</xmax>
			<ymin>222</ymin>
			<ymax>305</ymax>
		</bndbox>
	</object>
	<object>
		<name>Shark -Selachimorpha-</name>
		<pose>Unspecified</pose>
		<truncated>0</truncated>
		<difficult>0</difficult>
		<occluded>0</occluded>
		<bndbox>
			<xmin>286</xmin>
			<xmax>416</xmax>
			<ymin>252</ymin>
			<ymax>389</ymax>
		</bndbox>
	</object>
	<object>
		<name>Shark -Selachimorpha-</name>
		<pose>Unspecified</pose>
		<truncated>0</truncated>
		<difficult>0</difficult>
		<occluded>0</occluded>
		<bndbox>
			<xmin>7</xmin>
			<xmax>67</xmax>
			<ymin>271</ymin>
			<ymax>354</ymax>
		</bndbox>
	</object>
	<object>
		<name>Shark -Selachimorpha-</name>
		<pose>Unspecified</pose>
		<truncated>0</truncated>
		<difficult>0</difficult>
		<occluded>0</occluded>
		<bndbox>
			<xmin>15</xmin>
			<xmax>98</xmax>
			<ymin>228</ymin>
			<ymax>282</ymax>
		</bndbox>
	</object>
</annotation>
