<annotation>
	<folder></folder>
	<filename>FishDataset578_png_jpg.rf.ee3cad897060e8249d17340db633445e.jpg</filename>
	<path>FishDataset578_png_jpg.rf.ee3cad897060e8249d17340db633445e.jpg</path>
	<source>
		<database>roboflow.ai</database>
	</source>
	<size>
		<width>416</width>
		<height>416</height>
		<depth>3</depth>
	</size>
	<segmented>0</segmented>
	<object>
		<name>Carangidae -Jacks-</name>
		<pose>Unspecified</pose>
		<truncated>0</truncated>
		<difficult>0</difficult>
		<occluded>0</occluded>
		<bndbox>
			<xmin>20</xmin>
			<xmax>376</xmax>
			<ymin>28</ymin>
			<ymax>364</ymax>
		</bndbox>
	</object>
</annotation>
