<annotation>
	<folder></folder>
	<filename>FishDataset145_png_jpg.rf.efdfe516f42f1d71bfffd276673d7091.jpg</filename>
	<path>FishDataset145_png_jpg.rf.efdfe516f42f1d71bfffd276673d7091.jpg</path>
	<source>
		<database>roboflow.ai</database>
	</source>
	<size>
		<width>416</width>
		<height>416</height>
		<depth>3</depth>
	</size>
	<segmented>0</segmented>
	<object>
		<name>Serranidae -Groupers-</name>
		<pose>Unspecified</pose>
		<truncated>0</truncated>
		<difficult>0</difficult>
		<occluded>0</occluded>
		<bndbox>
			<xmin>67</xmin>
			<xmax>338</xmax>
			<ymin>46</ymin>
			<ymax>378</ymax>
		</bndbox>
	</object>
</annotation>
