<annotation>
	<folder></folder>
	<filename>FishDataset701_png_jpg.rf.920718707ef73e067960313a76d5384e.jpg</filename>
	<path>FishDataset701_png_jpg.rf.920718707ef73e067960313a76d5384e.jpg</path>
	<source>
		<database>roboflow.ai</database>
	</source>
	<size>
		<width>416</width>
		<height>416</height>
		<depth>3</depth>
	</size>
	<segmented>0</segmented>
	<object>
		<name>Scombridae -Tunas-</name>
		<pose>Unspecified</pose>
		<truncated>0</truncated>
		<difficult>0</difficult>
		<occluded>0</occluded>
		<bndbox>
			<xmin>13</xmin>
			<xmax>393</xmax>
			<ymin>29</ymin>
			<ymax>342</ymax>
		</bndbox>
	</object>
</annotation>
