<annotation>
	<folder></folder>
	<filename>FishDataset630_png_jpg.rf.fc20a86d8a2e37f6da04eb99f445bdbe.jpg</filename>
	<path>FishDataset630_png_jpg.rf.fc20a86d8a2e37f6da04eb99f445bdbe.jpg</path>
	<source>
		<database>roboflow.ai</database>
	</source>
	<size>
		<width>416</width>
		<height>416</height>
		<depth>3</depth>
	</size>
	<segmented>0</segmented>
	<object>
		<name>Serranidae -Groupers-</name>
		<pose>Unspecified</pose>
		<truncated>0</truncated>
		<difficult>0</difficult>
		<occluded>0</occluded>
		<bndbox>
			<xmin>55</xmin>
			<xmax>254</xmax>
			<ymin>157</ymin>
			<ymax>272</ymax>
		</bndbox>
	</object>
</annotation>
