<annotation>
	<folder></folder>
	<filename>FishDataset636_png_jpg.rf.aebb50b9e65faa2a5e58b0f37dc12c6f.jpg</filename>
	<path>FishDataset636_png_jpg.rf.aebb50b9e65faa2a5e58b0f37dc12c6f.jpg</path>
	<source>
		<database>roboflow.ai</database>
	</source>
	<size>
		<width>416</width>
		<height>416</height>
		<depth>3</depth>
	</size>
	<segmented>0</segmented>
	<object>
		<name>Shark -Selachimorpha-</name>
		<pose>Unspecified</pose>
		<truncated>0</truncated>
		<difficult>0</difficult>
		<occluded>0</occluded>
		<bndbox>
			<xmin>69</xmin>
			<xmax>370</xmax>
			<ymin>97</ymin>
			<ymax>278</ymax>
		</bndbox>
	</object>
</annotation>
