<annotation>
	<folder></folder>
	<filename>FishDataset151_png_jpg.rf.d0e70ca332488b8af588c96f1be6e9f6.jpg</filename>
	<path>FishDataset151_png_jpg.rf.d0e70ca332488b8af588c96f1be6e9f6.jpg</path>
	<source>
		<database>roboflow.ai</database>
	</source>
	<size>
		<width>416</width>
		<height>416</height>
		<depth>3</depth>
	</size>
	<segmented>0</segmented>
	<object>
		<name>Acanthuridae -Surgeonfishes-</name>
		<pose>Unspecified</pose>
		<truncated>0</truncated>
		<difficult>0</difficult>
		<occluded>0</occluded>
		<bndbox>
			<xmin>17</xmin>
			<xmax>339</xmax>
			<ymin>117</ymin>
			<ymax>306</ymax>
		</bndbox>
	</object>
</annotation>
