<annotation>
	<folder></folder>
	<filename>FishDataset136_png_jpg.rf.07459a2f727edc201525ae588ea2d9ed.jpg</filename>
	<path>FishDataset136_png_jpg.rf.07459a2f727edc201525ae588ea2d9ed.jpg</path>
	<source>
		<database>roboflow.ai</database>
	</source>
	<size>
		<width>416</width>
		<height>416</height>
		<depth>3</depth>
	</size>
	<segmented>0</segmented>
	<object>
		<name>Scombridae -Tunas-</name>
		<pose>Unspecified</pose>
		<truncated>0</truncated>
		<difficult>0</difficult>
		<occluded>0</occluded>
		<bndbox>
			<xmin>8</xmin>
			<xmax>382</xmax>
			<ymin>95</ymin>
			<ymax>321</ymax>
		</bndbox>
	</object>
</annotation>
