<annotation>
	<folder></folder>
	<filename>FishDataset320_png_jpg.rf.cff767c3491f6718c97494f65670c9fa.jpg</filename>
	<path>FishDataset320_png_jpg.rf.cff767c3491f6718c97494f65670c9fa.jpg</path>
	<source>
		<database>roboflow.ai</database>
	</source>
	<size>
		<width>416</width>
		<height>416</height>
		<depth>3</depth>
	</size>
	<segmented>0</segmented>
	<object>
		<name>Lutjanidae -Snappers-</name>
		<pose>Unspecified</pose>
		<truncated>0</truncated>
		<difficult>0</difficult>
		<occluded>0</occluded>
		<bndbox>
			<xmin>20</xmin>
			<xmax>399</xmax>
			<ymin>29</ymin>
			<ymax>393</ymax>
		</bndbox>
	</object>
</annotation>
