<annotation>
	<folder></folder>
	<filename>FishDataset399_png_jpg.rf.829c3753a6eceb1dfef664efc4f13179.jpg</filename>
	<path>FishDataset399_png_jpg.rf.829c3753a6eceb1dfef664efc4f13179.jpg</path>
	<source>
		<database>roboflow.ai</database>
	</source>
	<size>
		<width>416</width>
		<height>416</height>
		<depth>3</depth>
	</size>
	<segmented>0</segmented>
	<object>
		<name>Serranidae -Groupers-</name>
		<pose>Unspecified</pose>
		<truncated>0</truncated>
		<difficult>0</difficult>
		<occluded>0</occluded>
		<bndbox>
			<xmin>84</xmin>
			<xmax>356</xmax>
			<ymin>112</ymin>
			<ymax>322</ymax>
		</bndbox>
	</object>
</annotation>
