<annotation>
	<folder></folder>
	<filename>FishDataset344_png_jpg.rf.dfd40b05e4b050da91f0862010dfa172.jpg</filename>
	<path>FishDataset344_png_jpg.rf.dfd40b05e4b050da91f0862010dfa172.jpg</path>
	<source>
		<database>roboflow.ai</database>
	</source>
	<size>
		<width>416</width>
		<height>416</height>
		<depth>3</depth>
	</size>
	<segmented>0</segmented>
	<object>
		<name>Scombridae -Tunas-</name>
		<pose>Unspecified</pose>
		<truncated>0</truncated>
		<difficult>0</difficult>
		<occluded>0</occluded>
		<bndbox>
			<xmin>181</xmin>
			<xmax>297</xmax>
			<ymin>137</ymin>
			<ymax>226</ymax>
		</bndbox>
	</object>
</annotation>
