<annotation>
	<folder></folder>
	<filename>FishDataset581_png_jpg.rf.7a651307e394111a6591e291dccc63b4.jpg</filename>
	<path>FishDataset581_png_jpg.rf.7a651307e394111a6591e291dccc63b4.jpg</path>
	<source>
		<database>roboflow.ai</database>
	</source>
	<size>
		<width>416</width>
		<height>416</height>
		<depth>3</depth>
	</size>
	<segmented>0</segmented>
	<object>
		<name>Serranidae -Groupers-</name>
		<pose>Unspecified</pose>
		<truncated>0</truncated>
		<difficult>0</difficult>
		<occluded>0</occluded>
		<bndbox>
			<xmin>65</xmin>
			<xmax>250</xmax>
			<ymin>151</ymin>
			<ymax>321</ymax>
		</bndbox>
	</object>
</annotation>
