<annotation>
	<folder></folder>
	<filename>FishDataset500_png_jpg.rf.c9a18c61e41c97f66e06e4a41518f20b.jpg</filename>
	<path>FishDataset500_png_jpg.rf.c9a18c61e41c97f66e06e4a41518f20b.jpg</path>
	<source>
		<database>roboflow.ai</database>
	</source>
	<size>
		<width>416</width>
		<height>416</height>
		<depth>3</depth>
	</size>
	<segmented>0</segmented>
	<object>
		<name>Shark -Selachimorpha-</name>
		<pose>Unspecified</pose>
		<truncated>0</truncated>
		<difficult>0</difficult>
		<occluded>0</occluded>
		<bndbox>
			<xmin>18</xmin>
			<xmax>344</xmax>
			<ymin>100</ymin>
			<ymax>278</ymax>
		</bndbox>
	</object>
</annotation>
