<annotation>
	<folder></folder>
	<filename>FishDataset535_png_jpg.rf.80335ae2b696f6191764af91be43bee7.jpg</filename>
	<path>FishDataset535_png_jpg.rf.80335ae2b696f6191764af91be43bee7.jpg</path>
	<source>
		<database>roboflow.ai</database>
	</source>
	<size>
		<width>416</width>
		<height>416</height>
		<depth>3</depth>
	</size>
	<segmented>0</segmented>
	<object>
		<name>Scombridae -Tunas-</name>
		<pose>Unspecified</pose>
		<truncated>0</truncated>
		<difficult>0</difficult>
		<occluded>0</occluded>
		<bndbox>
			<xmin>5</xmin>
			<xmax>398</xmax>
			<ymin>126</ymin>
			<ymax>319</ymax>
		</bndbox>
	</object>
</annotation>
