<annotation>
	<folder></folder>
	<filename>FishDataset625_png_jpg.rf.7eb7bb70e57522c9ab6de4c2119db90b.jpg</filename>
	<path>FishDataset625_png_jpg.rf.7eb7bb70e57522c9ab6de4c2119db90b.jpg</path>
	<source>
		<database>roboflow.ai</database>
	</source>
	<size>
		<width>416</width>
		<height>416</height>
		<depth>3</depth>
	</size>
	<segmented>0</segmented>
	<object>
		<name>grouper</name>
		<pose>Unspecified</pose>
		<truncated>0</truncated>
		<difficult>0</difficult>
		<occluded>0</occluded>
		<bndbox>
			<xmin>25</xmin>
			<xmax>392</xmax>
			<ymin>38</ymin>
			<ymax>371</ymax>
		</bndbox>
	</object>
</annotation>
