<annotation>
	<folder></folder>
	<filename>FishDataset35_png_jpg.rf.0ba39ab70568516156a457d99471ae72.jpg</filename>
	<path>FishDataset35_png_jpg.rf.0ba39ab70568516156a457d99471ae72.jpg</path>
	<source>
		<database>roboflow.ai</database>
	</source>
	<size>
		<width>416</width>
		<height>416</height>
		<depth>3</depth>
	</size>
	<segmented>0</segmented>
	<object>
		<name>snapper</name>
		<pose>Unspecified</pose>
		<truncated>0</truncated>
		<difficult>0</difficult>
		<occluded>0</occluded>
		<bndbox>
			<xmin>67</xmin>
			<xmax>368</xmax>
			<ymin>72</ymin>
			<ymax>355</ymax>
		</bndbox>
	</object>
</annotation>
