<annotation>
	<folder></folder>
	<filename>FishDataset158_png_jpg.rf.c03b0b30d687388f723886d8fab500d2.jpg</filename>
	<path>FishDataset158_png_jpg.rf.c03b0b30d687388f723886d8fab500d2.jpg</path>
	<source>
		<database>roboflow.ai</database>
	</source>
	<size>
		<width>416</width>
		<height>416</height>
		<depth>3</depth>
	</size>
	<segmented>0</segmented>
	<object>
		<name>parrot</name>
		<pose>Unspecified</pose>
		<truncated>0</truncated>
		<difficult>0</difficult>
		<occluded>0</occluded>
		<bndbox>
			<xmin>34</xmin>
			<xmax>154</xmax>
			<ymin>76</ymin>
			<ymax>152</ymax>
		</bndbox>
	</object>
	<object>
		<name>parrot</name>
		<pose>Unspecified</pose>
		<truncated>0</truncated>
		<difficult>0</difficult>
		<occluded>0</occluded>
		<bndbox>
			<xmin>42</xmin>
			<xmax>148</xmax>
			<ymin>167</ymin>
			<ymax>236</ymax>
		</bndbox>
	</object>
	<object>
		<name>parrot</name>
		<pose>Unspecified</pose>
		<truncated>0</truncated>
		<difficult>0</difficult>
		<occluded>0</occluded>
		<bndbox>
			<xmin>43</xmin>
			<xmax>143</xmax>
			<ymin>226</ymin>
			<ymax>285</ymax>
		</bndbox>
	</object>
	<object>
		<name>parrot</name>
		<pose>Unspecified</pose>
		<truncated>0</truncated>
		<difficult>0</difficult>
		<occluded>0</occluded>
		<bndbox>
			<xmin>76</xmin>
			<xmax>210</xmax>
			<ymin>277</ymin>
			<ymax>365</ymax>
		</bndbox>
	</object>
	<object>
		<name>parrot</name>
		<pose>Unspecified</pose>
		<truncated>0</truncated>
		<difficult>0</difficult>
		<occluded>0</occluded>
		<bndbox>
			<xmin>175</xmin>
			<xmax>303</xmax>
			<ymin>62</ymin>
			<ymax>160</ymax>
		</bndbox>
	</object>
	<object>
		<name>parrot</name>
		<pose>Unspecified</pose>
		<truncated>0</truncated>
		<difficult>0</difficult>
		<occluded>0</occluded>
		<bndbox>
			<xmin>143</xmin>
			<xmax>253</xmax>
			<ymin>193</ymin>
			<ymax>264</ymax>
		</bndbox>
	</object>
	<object>
		<name>parrot</name>
		<pose>Unspecified</pose>
		<truncated>0</truncated>
		<difficult>0</difficult>
		<occluded>0</occluded>
		<bndbox>
			<xmin>216</xmin>
			<xmax>308</xmax>
			<ymin>215</ymin>
			<ymax>302</ymax>
		</bndbox>
	</object>
	<object>
		<name>parrot</name>
		<pose>Unspecified</pose>
		<truncated>0</truncated>
		<difficult>0</difficult>
		<occluded>0</occluded>
		<bndbox>
			<xmin>269</xmin>
			<xmax>372</xmax>
			<ymin>127</ymin>
			<ymax>211</ymax>
		</bndbox>
	</object>
</annotation>
