<annotation>
	<folder></folder>
	<filename>FishDataset467_png_jpg.rf.c2547af1d3640223ec2219cfe3373ca6.jpg</filename>
	<path>FishDataset467_png_jpg.rf.c2547af1d3640223ec2219cfe3373ca6.jpg</path>
	<source>
		<database>roboflow.ai</database>
	</source>
	<size>
		<width>416</width>
		<height>416</height>
		<depth>3</depth>
	</size>
	<segmented>0</segmented>
	<object>
		<name>Shark -Selachimorpha-</name>
		<pose>Unspecified</pose>
		<truncated>0</truncated>
		<difficult>0</difficult>
		<occluded>0</occluded>
		<bndbox>
			<xmin>33</xmin>
			<xmax>416</xmax>
			<ymin>56</ymin>
			<ymax>322</ymax>
		</bndbox>
	</object>
</annotation>
