<annotation>
	<folder></folder>
	<filename>FishDataset737_png_jpg.rf.8de90e999b9386960219b915b2b4c506.jpg</filename>
	<path>FishDataset737_png_jpg.rf.8de90e999b9386960219b915b2b4c506.jpg</path>
	<source>
		<database>roboflow.ai</database>
	</source>
	<size>
		<width>416</width>
		<height>416</height>
		<depth>3</depth>
	</size>
	<segmented>0</segmented>
	<object>
		<name>Carangidae -Jacks-</name>
		<pose>Unspecified</pose>
		<truncated>0</truncated>
		<difficult>0</difficult>
		<occluded>0</occluded>
		<bndbox>
			<xmin>36</xmin>
			<xmax>148</xmax>
			<ymin>25</ymin>
			<ymax>137</ymax>
		</bndbox>
	</object>
	<object>
		<name>Carangidae -Jacks-</name>
		<pose>Unspecified</pose>
		<truncated>0</truncated>
		<difficult>0</difficult>
		<occluded>0</occluded>
		<bndbox>
			<xmin>1</xmin>
			<xmax>83</xmax>
			<ymin>123</ymin>
			<ymax>212</ymax>
		</bndbox>
	</object>
	<object>
		<name>Carangidae -Jacks-</name>
		<pose>Unspecified</pose>
		<truncated>0</truncated>
		<difficult>0</difficult>
		<occluded>0</occluded>
		<bndbox>
			<xmin>45</xmin>
			<xmax>153</xmax>
			<ymin>155</ymin>
			<ymax>212</ymax>
		</bndbox>
	</object>
	<object>
		<name>Carangidae -Jacks-</name>
		<pose>Unspecified</pose>
		<truncated>0</truncated>
		<difficult>0</difficult>
		<occluded>0</occluded>
		<bndbox>
			<xmin>174</xmin>
			<xmax>266</xmax>
			<ymin>85</ymin>
			<ymax>155</ymax>
		</bndbox>
	</object>
	<object>
		<name>Carangidae -Jacks-</name>
		<pose>Unspecified</pose>
		<truncated>0</truncated>
		<difficult>0</difficult>
		<occluded>0</occluded>
		<bndbox>
			<xmin>285</xmin>
			<xmax>383</xmax>
			<ymin>35</ymin>
			<ymax>147</ymax>
		</bndbox>
	</object>
	<object>
		<name>Carangidae -Jacks-</name>
		<pose>Unspecified</pose>
		<truncated>0</truncated>
		<difficult>0</difficult>
		<occluded>0</occluded>
		<bndbox>
			<xmin>237</xmin>
			<xmax>317</xmax>
			<ymin>115</ymin>
			<ymax>196</ymax>
		</bndbox>
	</object>
	<object>
		<name>Carangidae -Jacks-</name>
		<pose>Unspecified</pose>
		<truncated>0</truncated>
		<difficult>0</difficult>
		<occluded>0</occluded>
		<bndbox>
			<xmin>360</xmin>
			<xmax>415</xmax>
			<ymin>124</ymin>
			<ymax>207</ymax>
		</bndbox>
	</object>
	<object>
		<name>Carangidae -Jacks-</name>
		<pose>Unspecified</pose>
		<truncated>0</truncated>
		<difficult>0</difficult>
		<occluded>0</occluded>
		<bndbox>
			<xmin>64</xmin>
			<xmax>156</xmax>
			<ymin>253</ymin>
			<ymax>329</ymax>
		</bndbox>
	</object>
	<object>
		<name>Carangidae -Jacks-</name>
		<pose>Unspecified</pose>
		<truncated>0</truncated>
		<difficult>0</difficult>
		<occluded>0</occluded>
		<bndbox>
			<xmin>142</xmin>
			<xmax>208</xmax>
			<ymin>222</ymin>
			<ymax>284</ymax>
		</bndbox>
	</object>
	<object>
		<name>Carangidae -Jacks-</name>
		<pose>Unspecified</pose>
		<truncated>0</truncated>
		<difficult>0</difficult>
		<occluded>0</occluded>
		<bndbox>
			<xmin>148</xmin>
			<xmax>233</xmax>
			<ymin>142</ymin>
			<ymax>228</ymax>
		</bndbox>
	</object>
	<object>
		<name>Carangidae -Jacks-</name>
		<pose>Unspecified</pose>
		<truncated>0</truncated>
		<difficult>0</difficult>
		<occluded>0</occluded>
		<bndbox>
			<xmin>168</xmin>
			<xmax>257</xmax>
			<ymin>305</ymin>
			<ymax>378</ymax>
		</bndbox>
	</object>
	<object>
		<name>Carangidae -Jacks-</name>
		<pose>Unspecified</pose>
		<truncated>0</truncated>
		<difficult>0</difficult>
		<occluded>0</occluded>
		<bndbox>
			<xmin>257</xmin>
			<xmax>341</xmax>
			<ymin>282</ymin>
			<ymax>370</ymax>
		</bndbox>
	</object>
</annotation>
