<annotation>
	<folder></folder>
	<filename>FishDataset39_png_jpg.rf.b3db21450a3dd5ad382f4727fd166124.jpg</filename>
	<path>FishDataset39_png_jpg.rf.b3db21450a3dd5ad382f4727fd166124.jpg</path>
	<source>
		<database>roboflow.ai</database>
	</source>
	<size>
		<width>416</width>
		<height>416</height>
		<depth>3</depth>
	</size>
	<segmented>0</segmented>
	<object>
		<name>Serranidae -Groupers-</name>
		<pose>Unspecified</pose>
		<truncated>0</truncated>
		<difficult>0</difficult>
		<occluded>0</occluded>
		<bndbox>
			<xmin>199</xmin>
			<xmax>385</xmax>
			<ymin>187</ymin>
			<ymax>295</ymax>
		</bndbox>
	</object>
</annotation>
