<annotation>
	<folder></folder>
	<filename>FishDataset514_png_jpg.rf.23b35910e692ad006e0346d825c3cca6.jpg</filename>
	<path>FishDataset514_png_jpg.rf.23b35910e692ad006e0346d825c3cca6.jpg</path>
	<source>
		<database>roboflow.ai</database>
	</source>
	<size>
		<width>416</width>
		<height>416</height>
		<depth>3</depth>
	</size>
	<segmented>0</segmented>
	<object>
		<name>Lutjanidae -Snappers-</name>
		<pose>Unspecified</pose>
		<truncated>0</truncated>
		<difficult>0</difficult>
		<occluded>0</occluded>
		<bndbox>
			<xmin>51</xmin>
			<xmax>394</xmax>
			<ymin>130</ymin>
			<ymax>333</ymax>
		</bndbox>
	</object>
</annotation>
