<annotation>
	<folder></folder>
	<filename>FishDataset208_png_jpg.rf.b204baa637d4a0914b5c2a0afe0532fe.jpg</filename>
	<path>FishDataset208_png_jpg.rf.b204baa637d4a0914b5c2a0afe0532fe.jpg</path>
	<source>
		<database>roboflow.ai</database>
	</source>
	<size>
		<width>416</width>
		<height>416</height>
		<depth>3</depth>
	</size>
	<segmented>0</segmented>
	<object>
		<name>Acanthuridae -Surgeonfishes-</name>
		<pose>Unspecified</pose>
		<truncated>0</truncated>
		<difficult>0</difficult>
		<occluded>0</occluded>
		<bndbox>
			<xmin>34</xmin>
			<xmax>245</xmax>
			<ymin>214</ymin>
			<ymax>414</ymax>
		</bndbox>
	</object>
</annotation>
