<annotation>
	<folder></folder>
	<filename>FishDataset349_png_jpg.rf.dd4f24679c86344aeacfcf298f0f8998.jpg</filename>
	<path>FishDataset349_png_jpg.rf.dd4f24679c86344aeacfcf298f0f8998.jpg</path>
	<source>
		<database>roboflow.ai</database>
	</source>
	<size>
		<width>416</width>
		<height>416</height>
		<depth>3</depth>
	</size>
	<segmented>0</segmented>
	<object>
		<name>Shark -Selachimorpha-</name>
		<pose>Unspecified</pose>
		<truncated>0</truncated>
		<difficult>0</difficult>
		<occluded>0</occluded>
		<bndbox>
			<xmin>13</xmin>
			<xmax>403</xmax>
			<ymin>109</ymin>
			<ymax>319</ymax>
		</bndbox>
	</object>
</annotation>
