<annotation>
	<folder></folder>
	<filename>FishDataset537_png_jpg.rf.580c0e8373ed19782e63a4c4e686a480.jpg</filename>
	<path>FishDataset537_png_jpg.rf.580c0e8373ed19782e63a4c4e686a480.jpg</path>
	<source>
		<database>roboflow.ai</database>
	</source>
	<size>
		<width>416</width>
		<height>416</height>
		<depth>3</depth>
	</size>
	<segmented>0</segmented>
	<object>
		<name>Scombridae -Tunas-</name>
		<pose>Unspecified</pose>
		<truncated>0</truncated>
		<difficult>0</difficult>
		<occluded>0</occluded>
		<bndbox>
			<xmin>18</xmin>
			<xmax>371</xmax>
			<ymin>39</ymin>
			<ymax>415</ymax>
		</bndbox>
	</object>
</annotation>
