<annotation>
	<folder></folder>
	<filename>FishDataset368_png_jpg.rf.69dddc9f015503a977b6f98f38a0a10d.jpg</filename>
	<path>FishDataset368_png_jpg.rf.69dddc9f015503a977b6f98f38a0a10d.jpg</path>
	<source>
		<database>roboflow.ai</database>
	</source>
	<size>
		<width>416</width>
		<height>416</height>
		<depth>3</depth>
	</size>
	<segmented>0</segmented>
	<object>
		<name>Carangidae -Jacks-</name>
		<pose>Unspecified</pose>
		<truncated>0</truncated>
		<difficult>0</difficult>
		<occluded>0</occluded>
		<bndbox>
			<xmin>131</xmin>
			<xmax>286</xmax>
			<ymin>164</ymin>
			<ymax>295</ymax>
		</bndbox>
	</object>
</annotation>
