<annotation>
	<folder></folder>
	<filename>FishDataset509_png_jpg.rf.a12869985fc1f35be8edff0501c1c0e7.jpg</filename>
	<path>FishDataset509_png_jpg.rf.a12869985fc1f35be8edff0501c1c0e7.jpg</path>
	<source>
		<database>roboflow.ai</database>
	</source>
	<size>
		<width>416</width>
		<height>416</height>
		<depth>3</depth>
	</size>
	<segmented>0</segmented>
	<object>
		<name>Shark -Selachimorpha-</name>
		<pose>Unspecified</pose>
		<truncated>0</truncated>
		<difficult>0</difficult>
		<occluded>0</occluded>
		<bndbox>
			<xmin>79</xmin>
			<xmax>257</xmax>
			<ymin>144</ymin>
			<ymax>297</ymax>
		</bndbox>
	</object>
</annotation>
