<annotation>
	<folder></folder>
	<filename>FishDataset360_png_jpg.rf.369cb60a48030d4d91731298d7f124d7.jpg</filename>
	<path>FishDataset360_png_jpg.rf.369cb60a48030d4d91731298d7f124d7.jpg</path>
	<source>
		<database>roboflow.ai</database>
	</source>
	<size>
		<width>416</width>
		<height>416</height>
		<depth>3</depth>
	</size>
	<segmented>0</segmented>
	<object>
		<name>Lutjanidae -Snappers-</name>
		<pose>Unspecified</pose>
		<truncated>0</truncated>
		<difficult>0</difficult>
		<occluded>0</occluded>
		<bndbox>
			<xmin>35</xmin>
			<xmax>376</xmax>
			<ymin>83</ymin>
			<ymax>303</ymax>
		</bndbox>
	</object>
</annotation>
