<annotation>
	<folder></folder>
	<filename>FishDataset547_png_jpg.rf.389e3e38ab4c6ccc1c4c9ccec897ad09.jpg</filename>
	<path>FishDataset547_png_jpg.rf.389e3e38ab4c6ccc1c4c9ccec897ad09.jpg</path>
	<source>
		<database>roboflow.ai</database>
	</source>
	<size>
		<width>416</width>
		<height>416</height>
		<depth>3</depth>
	</size>
	<segmented>0</segmented>
	<object>
		<name>Lutjanidae -Snappers-</name>
		<pose>Unspecified</pose>
		<truncated>0</truncated>
		<difficult>0</difficult>
		<occluded>0</occluded>
		<bndbox>
			<xmin>67</xmin>
			<xmax>368</xmax>
			<ymin>140</ymin>
			<ymax>274</ymax>
		</bndbox>
	</object>
</annotation>
