<annotation>
	<folder></folder>
	<filename>FishDataset663_png_jpg.rf.4912a812a8c83da86905773586e336e6.jpg</filename>
	<path>FishDataset663_png_jpg.rf.4912a812a8c83da86905773586e336e6.jpg</path>
	<source>
		<database>roboflow.ai</database>
	</source>
	<size>
		<width>416</width>
		<height>416</height>
		<depth>3</depth>
	</size>
	<segmented>0</segmented>
	<object>
		<name>Shark -Selachimorpha-</name>
		<pose>Unspecified</pose>
		<truncated>0</truncated>
		<difficult>0</difficult>
		<occluded>0</occluded>
		<bndbox>
			<xmin>8</xmin>
			<xmax>387</xmax>
			<ymin>111</ymin>
			<ymax>302</ymax>
		</bndbox>
	</object>
</annotation>
