<annotation>
	<folder></folder>
	<filename>FishDataset93_png_jpg.rf.a28711d1ccca2ac7bac64b46e3d14291.jpg</filename>
	<path>FishDataset93_png_jpg.rf.a28711d1ccca2ac7bac64b46e3d14291.jpg</path>
	<source>
		<database>roboflow.ai</database>
	</source>
	<size>
		<width>416</width>
		<height>416</height>
		<depth>3</depth>
	</size>
	<segmented>0</segmented>
	<object>
		<name>Lutjanidae -Snappers-</name>
		<pose>Unspecified</pose>
		<truncated>0</truncated>
		<difficult>0</difficult>
		<occluded>0</occluded>
		<bndbox>
			<xmin>7</xmin>
			<xmax>382</xmax>
			<ymin>51</ymin>
			<ymax>327</ymax>
		</bndbox>
	</object>
</annotation>
