<annotation>
	<folder></folder>
	<filename>FishDataset92_png_jpg.rf.03f0fb18149f9fa06e3d5731822e47f2.jpg</filename>
	<path>FishDataset92_png_jpg.rf.03f0fb18149f9fa06e3d5731822e47f2.jpg</path>
	<source>
		<database>roboflow.ai</database>
	</source>
	<size>
		<width>416</width>
		<height>416</height>
		<depth>3</depth>
	</size>
	<segmented>0</segmented>
	<object>
		<name>Shark -Selachimorpha-</name>
		<pose>Unspecified</pose>
		<truncated>0</truncated>
		<difficult>0</difficult>
		<occluded>0</occluded>
		<bndbox>
			<xmin>2</xmin>
			<xmax>304</xmax>
			<ymin>76</ymin>
			<ymax>292</ymax>
		</bndbox>
	</object>
</annotation>
