<annotation>
	<folder></folder>
	<filename>FishDataset699_png_jpg.rf.de82153bfa0a13347c4ffc306df30ca5.jpg</filename>
	<path>FishDataset699_png_jpg.rf.de82153bfa0a13347c4ffc306df30ca5.jpg</path>
	<source>
		<database>roboflow.ai</database>
	</source>
	<size>
		<width>416</width>
		<height>416</height>
		<depth>3</depth>
	</size>
	<segmented>0</segmented>
	<object>
		<name>Carangidae -Jacks-</name>
		<pose>Unspecified</pose>
		<truncated>0</truncated>
		<difficult>0</difficult>
		<occluded>0</occluded>
		<bndbox>
			<xmin>101</xmin>
			<xmax>372</xmax>
			<ymin>101</ymin>
			<ymax>320</ymax>
		</bndbox>
	</object>
</annotation>
