<annotation>
	<folder></folder>
	<filename>FishDataset46_png_jpg.rf.062cfa71cdb84def9d7389d25d6b89bd.jpg</filename>
	<path>FishDataset46_png_jpg.rf.062cfa71cdb84def9d7389d25d6b89bd.jpg</path>
	<source>
		<database>roboflow.ai</database>
	</source>
	<size>
		<width>416</width>
		<height>416</height>
		<depth>3</depth>
	</size>
	<segmented>0</segmented>
	<object>
		<name>Serranidae -Groupers-</name>
		<pose>Unspecified</pose>
		<truncated>0</truncated>
		<difficult>0</difficult>
		<occluded>0</occluded>
		<bndbox>
			<xmin>50</xmin>
			<xmax>377</xmax>
			<ymin>83</ymin>
			<ymax>333</ymax>
		</bndbox>
	</object>
</annotation>
