<annotation>
	<folder></folder>
	<filename>FishDataset104_png_jpg.rf.fbdf2dbbe247ae96a4020ae027959ac7.jpg</filename>
	<path>FishDataset104_png_jpg.rf.fbdf2dbbe247ae96a4020ae027959ac7.jpg</path>
	<source>
		<database>roboflow.ai</database>
	</source>
	<size>
		<width>416</width>
		<height>416</height>
		<depth>3</depth>
	</size>
	<segmented>0</segmented>
	<object>
		<name>Carangidae -Jacks-</name>
		<pose>Unspecified</pose>
		<truncated>0</truncated>
		<difficult>0</difficult>
		<occluded>0</occluded>
		<bndbox>
			<xmin>19</xmin>
			<xmax>136</xmax>
			<ymin>111</ymin>
			<ymax>270</ymax>
		</bndbox>
	</object>
	<object>
		<name>Carangidae -Jacks-</name>
		<pose>Unspecified</pose>
		<truncated>0</truncated>
		<difficult>0</difficult>
		<occluded>0</occluded>
		<bndbox>
			<xmin>278</xmin>
			<xmax>404</xmax>
			<ymin>134</ymin>
			<ymax>285</ymax>
		</bndbox>
	</object>
</annotation>
