<annotation>
	<folder></folder>
	<filename>FishDataset583_png_jpg.rf.e8b0fa6f59c47eeba312e0919e84f36a.jpg</filename>
	<path>FishDataset583_png_jpg.rf.e8b0fa6f59c47eeba312e0919e84f36a.jpg</path>
	<source>
		<database>roboflow.ai</database>
	</source>
	<size>
		<width>416</width>
		<height>416</height>
		<depth>3</depth>
	</size>
	<segmented>0</segmented>
	<object>
		<name>Scaridae -Parrotfishes-</name>
		<pose>Unspecified</pose>
		<truncated>0</truncated>
		<difficult>0</difficult>
		<occluded>0</occluded>
		<bndbox>
			<xmin>73</xmin>
			<xmax>284</xmax>
			<ymin>160</ymin>
			<ymax>316</ymax>
		</bndbox>
	</object>
</annotation>
