<annotation>
	<folder></folder>
	<filename>FishDataset616_png_jpg.rf.12548771bda5f3d492eec199cbea3699.jpg</filename>
	<path>FishDataset616_png_jpg.rf.12548771bda5f3d492eec199cbea3699.jpg</path>
	<source>
		<database>roboflow.ai</database>
	</source>
	<size>
		<width>416</width>
		<height>416</height>
		<depth>3</depth>
	</size>
	<segmented>0</segmented>
	<object>
		<name>Scombridae -Tunas-</name>
		<pose>Unspecified</pose>
		<truncated>0</truncated>
		<difficult>0</difficult>
		<occluded>0</occluded>
		<bndbox>
			<xmin>5</xmin>
			<xmax>404</xmax>
			<ymin>52</ymin>
			<ymax>380</ymax>
		</bndbox>
	</object>
</annotation>
