<annotation>
	<folder></folder>
	<filename>FishDataset394_png_jpg.rf.45bfd3b3f5efbe13aab890118bd178be.jpg</filename>
	<path>FishDataset394_png_jpg.rf.45bfd3b3f5efbe13aab890118bd178be.jpg</path>
	<source>
		<database>roboflow.ai</database>
	</source>
	<size>
		<width>416</width>
		<height>416</height>
		<depth>3</depth>
	</size>
	<segmented>0</segmented>
	<object>
		<name>Acanthuridae -Surgeonfishes-</name>
		<pose>Unspecified</pose>
		<truncated>0</truncated>
		<difficult>0</difficult>
		<occluded>0</occluded>
		<bndbox>
			<xmin>215</xmin>
			<xmax>344</xmax>
			<ymin>145</ymin>
			<ymax>259</ymax>
		</bndbox>
	</object>
</annotation>
