<annotation>
	<folder></folder>
	<filename>FishDataset234_png_jpg.rf.69e8056ede2b1d62a013f92b06ef2240.jpg</filename>
	<path>FishDataset234_png_jpg.rf.69e8056ede2b1d62a013f92b06ef2240.jpg</path>
	<source>
		<database>roboflow.ai</database>
	</source>
	<size>
		<width>416</width>
		<height>416</height>
		<depth>3</depth>
	</size>
	<segmented>0</segmented>
	<object>
		<name>Scaridae -Parrotfishes-</name>
		<pose>Unspecified</pose>
		<truncated>0</truncated>
		<difficult>0</difficult>
		<occluded>0</occluded>
		<bndbox>
			<xmin>10</xmin>
			<xmax>242</xmax>
			<ymin>136</ymin>
			<ymax>252</ymax>
		</bndbox>
	</object>
	<object>
		<name>Scaridae -Parrotfishes-</name>
		<pose>Unspecified</pose>
		<truncated>0</truncated>
		<difficult>0</difficult>
		<occluded>0</occluded>
		<bndbox>
			<xmin>169</xmin>
			<xmax>413</xmax>
			<ymin>3</ymin>
			<ymax>129</ymax>
		</bndbox>
	</object>
	<object>
		<name>Pomacentridae -Damselfishes-</name>
		<pose>Unspecified</pose>
		<truncated>0</truncated>
		<difficult>0</difficult>
		<occluded>0</occluded>
		<bndbox>
			<xmin>322</xmin>
			<xmax>399</xmax>
			<ymin>305</ymin>
			<ymax>403</ymax>
		</bndbox>
	</object>
</annotation>
