<annotation>
	<folder></folder>
	<filename>FishDataset491_png_jpg.rf.27e3b99192651e0aa464acb0b884bda0.jpg</filename>
	<path>FishDataset491_png_jpg.rf.27e3b99192651e0aa464acb0b884bda0.jpg</path>
	<source>
		<database>roboflow.ai</database>
	</source>
	<size>
		<width>416</width>
		<height>416</height>
		<depth>3</depth>
	</size>
	<segmented>0</segmented>
	<object>
		<name>surgeon</name>
		<pose>Unspecified</pose>
		<truncated>0</truncated>
		<difficult>0</difficult>
		<occluded>0</occluded>
		<bndbox>
			<xmin>88</xmin>
			<xmax>129</xmax>
			<ymin>155</ymin>
			<ymax>242</ymax>
		</bndbox>
	</object>
	<object>
		<name>surgeon</name>
		<pose>Unspecified</pose>
		<truncated>0</truncated>
		<difficult>0</difficult>
		<occluded>0</occluded>
		<bndbox>
			<xmin>151</xmin>
			<xmax>207</xmax>
			<ymin>141</ymin>
			<ymax>234</ymax>
		</bndbox>
	</object>
	<object>
		<name>surgeon</name>
		<pose>Unspecified</pose>
		<truncated>0</truncated>
		<difficult>0</difficult>
		<occluded>0</occluded>
		<bndbox>
			<xmin>251</xmin>
			<xmax>290</xmax>
			<ymin>145</ymin>
			<ymax>221</ymax>
		</bndbox>
	</object>
</annotation>
