<annotation>
	<folder></folder>
	<filename>FishDataset108_png_jpg.rf.ed6fc2da35f76ec8761cdf5c13432253.jpg</filename>
	<path>FishDataset108_png_jpg.rf.ed6fc2da35f76ec8761cdf5c13432253.jpg</path>
	<source>
		<database>roboflow.ai</database>
	</source>
	<size>
		<width>416</width>
		<height>416</height>
		<depth>3</depth>
	</size>
	<segmented>0</segmented>
	<object>
		<name>Scombridae -Tunas-</name>
		<pose>Unspecified</pose>
		<truncated>0</truncated>
		<difficult>0</difficult>
		<occluded>0</occluded>
		<bndbox>
			<xmin>51</xmin>
			<xmax>180</xmax>
			<ymin>152</ymin>
			<ymax>223</ymax>
		</bndbox>
	</object>
	<object>
		<name>Scombridae -Tunas-</name>
		<pose>Unspecified</pose>
		<truncated>0</truncated>
		<difficult>0</difficult>
		<occluded>0</occluded>
		<bndbox>
			<xmin>249</xmin>
			<xmax>323</xmax>
			<ymin>187</ymin>
			<ymax>254</ymax>
		</bndbox>
	</object>
</annotation>
