<annotation>
	<folder></folder>
	<filename>FishDataset379_png_jpg.rf.83580b086d3e074c063d0f67f74e2a73.jpg</filename>
	<path>FishDataset379_png_jpg.rf.83580b086d3e074c063d0f67f74e2a73.jpg</path>
	<source>
		<database>roboflow.ai</database>
	</source>
	<size>
		<width>416</width>
		<height>416</height>
		<depth>3</depth>
	</size>
	<segmented>0</segmented>
	<object>
		<name>Shark -Selachimorpha-</name>
		<pose>Unspecified</pose>
		<truncated>0</truncated>
		<difficult>0</difficult>
		<occluded>0</occluded>
		<bndbox>
			<xmin>14</xmin>
			<xmax>398</xmax>
			<ymin>25</ymin>
			<ymax>312</ymax>
		</bndbox>
	</object>
</annotation>
