<annotation>
	<folder></folder>
	<filename>FishDataset677_png_jpg.rf.a7ab488314d8db484add9051542c4740.jpg</filename>
	<path>FishDataset677_png_jpg.rf.a7ab488314d8db484add9051542c4740.jpg</path>
	<source>
		<database>roboflow.ai</database>
	</source>
	<size>
		<width>416</width>
		<height>416</height>
		<depth>3</depth>
	</size>
	<segmented>0</segmented>
	<object>
		<name>Serranidae -Groupers-</name>
		<pose>Unspecified</pose>
		<truncated>0</truncated>
		<difficult>0</difficult>
		<occluded>0</occluded>
		<bndbox>
			<xmin>98</xmin>
			<xmax>271</xmax>
			<ymin>168</ymin>
			<ymax>305</ymax>
		</bndbox>
	</object>
</annotation>
