<annotation>
	<folder></folder>
	<filename>FishDataset657_png_jpg.rf.fba315f218eb78ae5ab89f432d174bab.jpg</filename>
	<path>FishDataset657_png_jpg.rf.fba315f218eb78ae5ab89f432d174bab.jpg</path>
	<source>
		<database>roboflow.ai</database>
	</source>
	<size>
		<width>416</width>
		<height>416</height>
		<depth>3</depth>
	</size>
	<segmented>0</segmented>
	<object>
		<name>Carangidae -Jacks-</name>
		<pose>Unspecified</pose>
		<truncated>0</truncated>
		<difficult>0</difficult>
		<occluded>0</occluded>
		<bndbox>
			<xmin>117</xmin>
			<xmax>349</xmax>
			<ymin>87</ymin>
			<ymax>264</ymax>
		</bndbox>
	</object>
</annotation>
