<annotation>
	<folder></folder>
	<filename>FishDataset527_png_jpg.rf.1d0d31fd8645752a0982be6983b9eb0d.jpg</filename>
	<path>FishDataset527_png_jpg.rf.1d0d31fd8645752a0982be6983b9eb0d.jpg</path>
	<source>
		<database>roboflow.ai</database>
	</source>
	<size>
		<width>416</width>
		<height>416</height>
		<depth>3</depth>
	</size>
	<segmented>0</segmented>
	<object>
		<name>Scombridae -Tunas-</name>
		<pose>Unspecified</pose>
		<truncated>0</truncated>
		<difficult>0</difficult>
		<occluded>0</occluded>
		<bndbox>
			<xmin>3</xmin>
			<xmax>303</xmax>
			<ymin>56</ymin>
			<ymax>375</ymax>
		</bndbox>
	</object>
</annotation>
