<annotation>
	<folder></folder>
	<filename>FishDataset268_png_jpg.rf.1577edca1fc681fd5f135688ca91a0fd.jpg</filename>
	<path>FishDataset268_png_jpg.rf.1577edca1fc681fd5f135688ca91a0fd.jpg</path>
	<source>
		<database>roboflow.ai</database>
	</source>
	<size>
		<width>416</width>
		<height>416</height>
		<depth>3</depth>
	</size>
	<segmented>0</segmented>
	<object>
		<name>Scaridae -Parrotfishes-</name>
		<pose>Unspecified</pose>
		<truncated>0</truncated>
		<difficult>0</difficult>
		<occluded>0</occluded>
		<bndbox>
			<xmin>49</xmin>
			<xmax>348</xmax>
			<ymin>135</ymin>
			<ymax>273</ymax>
		</bndbox>
	</object>
	<object>
		<name>Scaridae -Parrotfishes-</name>
		<pose>Unspecified</pose>
		<truncated>0</truncated>
		<difficult>0</difficult>
		<occluded>0</occluded>
		<bndbox>
			<xmin>120</xmin>
			<xmax>293</xmax>
			<ymin>62</ymin>
			<ymax>159</ymax>
		</bndbox>
	</object>
	<object>
		<name>Scaridae -Parrotfishes-</name>
		<pose>Unspecified</pose>
		<truncated>0</truncated>
		<difficult>0</difficult>
		<occluded>0</occluded>
		<bndbox>
			<xmin>1</xmin>
			<xmax>165</xmax>
			<ymin>104</ymin>
			<ymax>224</ymax>
		</bndbox>
	</object>
	<object>
		<name>Scaridae -Parrotfishes-</name>
		<pose>Unspecified</pose>
		<truncated>0</truncated>
		<difficult>0</difficult>
		<occluded>0</occluded>
		<bndbox>
			<xmin>224</xmin>
			<xmax>416</xmax>
			<ymin>39</ymin>
			<ymax>216</ymax>
		</bndbox>
	</object>
</annotation>
