<annotation>
	<folder></folder>
	<filename>FishDataset310_png_jpg.rf.719debd57df007a51bb2da325b9722e7.jpg</filename>
	<path>FishDataset310_png_jpg.rf.719debd57df007a51bb2da325b9722e7.jpg</path>
	<source>
		<database>roboflow.ai</database>
	</source>
	<size>
		<width>416</width>
		<height>416</height>
		<depth>3</depth>
	</size>
	<segmented>0</segmented>
	<object>
		<name>Carangidae -Jacks-</name>
		<pose>Unspecified</pose>
		<truncated>0</truncated>
		<difficult>0</difficult>
		<occluded>0</occluded>
		<bndbox>
			<xmin>19</xmin>
			<xmax>348</xmax>
			<ymin>48</ymin>
			<ymax>261</ymax>
		</bndbox>
	</object>
	<object>
		<name>Carangidae -Jacks-</name>
		<pose>Unspecified</pose>
		<truncated>0</truncated>
		<difficult>0</difficult>
		<occluded>0</occluded>
		<bndbox>
			<xmin>1</xmin>
			<xmax>148</xmax>
			<ymin>204</ymin>
			<ymax>349</ymax>
		</bndbox>
	</object>
</annotation>
