<annotation>
	<folder></folder>
	<filename>FishDataset512_png_jpg.rf.b2e7cb18f7d103992bd83e938b7a9c2f.jpg</filename>
	<path>FishDataset512_png_jpg.rf.b2e7cb18f7d103992bd83e938b7a9c2f.jpg</path>
	<source>
		<database>roboflow.ai</database>
	</source>
	<size>
		<width>416</width>
		<height>416</height>
		<depth>3</depth>
	</size>
	<segmented>0</segmented>
	<object>
		<name>Scaridae -Parrotfishes-</name>
		<pose>Unspecified</pose>
		<truncated>0</truncated>
		<difficult>0</difficult>
		<occluded>0</occluded>
		<bndbox>
			<xmin>90</xmin>
			<xmax>293</xmax>
			<ymin>54</ymin>
			<ymax>316</ymax>
		</bndbox>
	</object>
</annotation>
