<annotation>
	<folder></folder>
	<filename>FishDataset294_png_jpg.rf.71071f95b9f36cbd60213435c03eb7b4.jpg</filename>
	<path>FishDataset294_png_jpg.rf.71071f95b9f36cbd60213435c03eb7b4.jpg</path>
	<source>
		<database>roboflow.ai</database>
	</source>
	<size>
		<width>416</width>
		<height>416</height>
		<depth>3</depth>
	</size>
	<segmented>0</segmented>
	<object>
		<name>Scombridae -Tunas-</name>
		<pose>Unspecified</pose>
		<truncated>0</truncated>
		<difficult>0</difficult>
		<occluded>0</occluded>
		<bndbox>
			<xmin>125</xmin>
			<xmax>261</xmax>
			<ymin>183</ymin>
			<ymax>244</ymax>
		</bndbox>
	</object>
	<object>
		<name>Scombridae -Tunas-</name>
		<pose>Unspecified</pose>
		<truncated>0</truncated>
		<difficult>0</difficult>
		<occluded>0</occluded>
		<bndbox>
			<xmin>298</xmin>
			<xmax>359</xmax>
			<ymin>171</ymin>
			<ymax>203</ymax>
		</bndbox>
	</object>
</annotation>
