<annotation>
	<folder></folder>
	<filename>FishDataset260_png_jpg.rf.dd4eb3ab8d7e48ac32c03fe892bf5032.jpg</filename>
	<path>FishDataset260_png_jpg.rf.dd4eb3ab8d7e48ac32c03fe892bf5032.jpg</path>
	<source>
		<database>roboflow.ai</database>
	</source>
	<size>
		<width>416</width>
		<height>416</height>
		<depth>3</depth>
	</size>
	<segmented>0</segmented>
	<object>
		<name>Scombridae -Tunas-</name>
		<pose>Unspecified</pose>
		<truncated>0</truncated>
		<difficult>0</difficult>
		<occluded>0</occluded>
		<bndbox>
			<xmin>33</xmin>
			<xmax>370</xmax>
			<ymin>98</ymin>
			<ymax>347</ymax>
		</bndbox>
	</object>
</annotation>
