<annotation>
	<folder></folder>
	<filename>FishDataset603_png_jpg.rf.869809427d1ae87d2948f85ce7a67909.jpg</filename>
	<path>FishDataset603_png_jpg.rf.869809427d1ae87d2948f85ce7a67909.jpg</path>
	<source>
		<database>roboflow.ai</database>
	</source>
	<size>
		<width>416</width>
		<height>416</height>
		<depth>3</depth>
	</size>
	<segmented>0</segmented>
	<object>
		<name>Lutjanidae -Snappers-</name>
		<pose>Unspecified</pose>
		<truncated>0</truncated>
		<difficult>0</difficult>
		<occluded>0</occluded>
		<bndbox>
			<xmin>28</xmin>
			<xmax>386</xmax>
			<ymin>29</ymin>
			<ymax>384</ymax>
		</bndbox>
	</object>
</annotation>
