<annotation>
	<folder></folder>
	<filename>FishDataset582_png_jpg.rf.1178f3f3e6eb621e2f1afb720fa78d9a.jpg</filename>
	<path>FishDataset582_png_jpg.rf.1178f3f3e6eb621e2f1afb720fa78d9a.jpg</path>
	<source>
		<database>roboflow.ai</database>
	</source>
	<size>
		<width>416</width>
		<height>416</height>
		<depth>3</depth>
	</size>
	<segmented>0</segmented>
	<object>
		<name>Carangidae -Jacks-</name>
		<pose>Unspecified</pose>
		<truncated>0</truncated>
		<difficult>0</difficult>
		<occluded>0</occluded>
		<bndbox>
			<xmin>182</xmin>
			<xmax>273</xmax>
			<ymin>112</ymin>
			<ymax>183</ymax>
		</bndbox>
	</object>
	<object>
		<name>Carangidae -Jacks-</name>
		<pose>Unspecified</pose>
		<truncated>0</truncated>
		<difficult>0</difficult>
		<occluded>0</occluded>
		<bndbox>
			<xmin>246</xmin>
			<xmax>363</xmax>
			<ymin>147</ymin>
			<ymax>250</ymax>
		</bndbox>
	</object>
	<object>
		<name>Carangidae -Jacks-</name>
		<pose>Unspecified</pose>
		<truncated>0</truncated>
		<difficult>0</difficult>
		<occluded>0</occluded>
		<bndbox>
			<xmin>224</xmin>
			<xmax>317</xmax>
			<ymin>214</ymin>
			<ymax>288</ymax>
		</bndbox>
	</object>
	<object>
		<name>Carangidae -Jacks-</name>
		<pose>Unspecified</pose>
		<truncated>0</truncated>
		<difficult>0</difficult>
		<occluded>0</occluded>
		<bndbox>
			<xmin>188</xmin>
			<xmax>291</xmax>
			<ymin>240</ymin>
			<ymax>323</ymax>
		</bndbox>
	</object>
</annotation>
