<annotation>
	<folder></folder>
	<filename>FishDataset570_png_jpg.rf.97b53712427157e4b9d3ab100508d4f7.jpg</filename>
	<path>FishDataset570_png_jpg.rf.97b53712427157e4b9d3ab100508d4f7.jpg</path>
	<source>
		<database>roboflow.ai</database>
	</source>
	<size>
		<width>416</width>
		<height>416</height>
		<depth>3</depth>
	</size>
	<segmented>0</segmented>
	<object>
		<name>Scaridae -Parrotfishes-</name>
		<pose>Unspecified</pose>
		<truncated>0</truncated>
		<difficult>0</difficult>
		<occluded>0</occluded>
		<bndbox>
			<xmin>148</xmin>
			<xmax>393</xmax>
			<ymin>124</ymin>
			<ymax>291</ymax>
		</bndbox>
	</object>
</annotation>
