<annotation>
	<folder></folder>
	<filename>FishDataset243_png_jpg.rf.891a80155bae3db215f11dcfb7827a51.jpg</filename>
	<path>FishDataset243_png_jpg.rf.891a80155bae3db215f11dcfb7827a51.jpg</path>
	<source>
		<database>roboflow.ai</database>
	</source>
	<size>
		<width>416</width>
		<height>416</height>
		<depth>3</depth>
	</size>
	<segmented>0</segmented>
	<object>
		<name>Acanthuridae -Surgeonfishes-</name>
		<pose>Unspecified</pose>
		<truncated>0</truncated>
		<difficult>0</difficult>
		<occluded>0</occluded>
		<bndbox>
			<xmin>60</xmin>
			<xmax>365</xmax>
			<ymin>82</ymin>
			<ymax>358</ymax>
		</bndbox>
	</object>
</annotation>
