<annotation>
	<folder></folder>
	<filename>FishDataset317_png_jpg.rf.499c17d6df42a3b284fbe0c37d7fdfad.jpg</filename>
	<path>FishDataset317_png_jpg.rf.499c17d6df42a3b284fbe0c37d7fdfad.jpg</path>
	<source>
		<database>roboflow.ai</database>
	</source>
	<size>
		<width>416</width>
		<height>416</height>
		<depth>3</depth>
	</size>
	<segmented>0</segmented>
	<object>
		<name>Shark -Selachimorpha-</name>
		<pose>Unspecified</pose>
		<truncated>0</truncated>
		<difficult>0</difficult>
		<occluded>0</occluded>
		<bndbox>
			<xmin>1</xmin>
			<xmax>416</xmax>
			<ymin>1</ymin>
			<ymax>412</ymax>
		</bndbox>
	</object>
</annotation>
