<annotation>
	<folder></folder>
	<filename>FishDataset644_png_jpg.rf.266a9cfac4a272cbb47e06d4504bc5a2.jpg</filename>
	<path>FishDataset644_png_jpg.rf.266a9cfac4a272cbb47e06d4504bc5a2.jpg</path>
	<source>
		<database>roboflow.ai</database>
	</source>
	<size>
		<width>416</width>
		<height>416</height>
		<depth>3</depth>
	</size>
	<segmented>0</segmented>
	<object>
		<name>Shark -Selachimorpha-</name>
		<pose>Unspecified</pose>
		<truncated>0</truncated>
		<difficult>0</difficult>
		<occluded>0</occluded>
		<bndbox>
			<xmin>58</xmin>
			<xmax>292</xmax>
			<ymin>22</ymin>
			<ymax>162</ymax>
		</bndbox>
	</object>
	<object>
		<name>Shark -Selachimorpha-</name>
		<pose>Unspecified</pose>
		<truncated>0</truncated>
		<difficult>0</difficult>
		<occluded>0</occluded>
		<bndbox>
			<xmin>95</xmin>
			<xmax>304</xmax>
			<ymin>127</ymin>
			<ymax>345</ymax>
		</bndbox>
	</object>
	<object>
		<name>Shark -Selachimorpha-</name>
		<pose>Unspecified</pose>
		<truncated>0</truncated>
		<difficult>0</difficult>
		<occluded>0</occluded>
		<bndbox>
			<xmin>313</xmin>
			<xmax>416</xmax>
			<ymin>104</ymin>
			<ymax>221</ymax>
		</bndbox>
	</object>
	<object>
		<name>Shark -Selachimorpha-</name>
		<pose>Unspecified</pose>
		<truncated>0</truncated>
		<difficult>0</difficult>
		<occluded>0</occluded>
		<bndbox>
			<xmin>35</xmin>
			<xmax>141</xmax>
			<ymin>237</ymin>
			<ymax>380</ymax>
		</bndbox>
	</object>
</annotation>
