<annotation>
	<folder></folder>
	<filename>FishDataset218_png_jpg.rf.72dea593b84a609a77c256546c0dda89.jpg</filename>
	<path>FishDataset218_png_jpg.rf.72dea593b84a609a77c256546c0dda89.jpg</path>
	<source>
		<database>roboflow.ai</database>
	</source>
	<size>
		<width>416</width>
		<height>416</height>
		<depth>3</depth>
	</size>
	<segmented>0</segmented>
	<object>
		<name>Shark -Selachimorpha-</name>
		<pose>Unspecified</pose>
		<truncated>0</truncated>
		<difficult>0</difficult>
		<occluded>0</occluded>
		<bndbox>
			<xmin>135</xmin>
			<xmax>264</xmax>
			<ymin>142</ymin>
			<ymax>283</ymax>
		</bndbox>
	</object>
</annotation>
