<annotation>
	<folder></folder>
	<filename>FishDataset147_png_jpg.rf.6928fd62838125d62e72a59a7250f768.jpg</filename>
	<path>FishDataset147_png_jpg.rf.6928fd62838125d62e72a59a7250f768.jpg</path>
	<source>
		<database>roboflow.ai</database>
	</source>
	<size>
		<width>416</width>
		<height>416</height>
		<depth>3</depth>
	</size>
	<segmented>0</segmented>
	<object>
		<name>Serranidae -Groupers-</name>
		<pose>Unspecified</pose>
		<truncated>0</truncated>
		<difficult>0</difficult>
		<occluded>0</occluded>
		<bndbox>
			<xmin>138</xmin>
			<xmax>313</xmax>
			<ymin>89</ymin>
			<ymax>189</ymax>
		</bndbox>
	</object>
	<object>
		<name>Serranidae -Groupers-</name>
		<pose>Unspecified</pose>
		<truncated>0</truncated>
		<difficult>0</difficult>
		<occluded>0</occluded>
		<bndbox>
			<xmin>74</xmin>
			<xmax>207</xmax>
			<ymin>150</ymin>
			<ymax>257</ymax>
		</bndbox>
	</object>
</annotation>
