<annotation>
	<folder></folder>
	<filename>FishDataset165_png_jpg.rf.74722fce904ce2800b4ce83edc965268.jpg</filename>
	<path>FishDataset165_png_jpg.rf.74722fce904ce2800b4ce83edc965268.jpg</path>
	<source>
		<database>roboflow.ai</database>
	</source>
	<size>
		<width>416</width>
		<height>416</height>
		<depth>3</depth>
	</size>
	<segmented>0</segmented>
	<object>
		<name>snapper</name>
		<pose>Unspecified</pose>
		<truncated>0</truncated>
		<difficult>0</difficult>
		<occluded>0</occluded>
		<bndbox>
			<xmin>29</xmin>
			<xmax>374</xmax>
			<ymin>84</ymin>
			<ymax>350</ymax>
		</bndbox>
	</object>
</annotation>
