<annotation>
	<folder></folder>
	<filename>FishDataset579_png_jpg.rf.b90b4d1649acc8a51ef1154015f53fde.jpg</filename>
	<path>FishDataset579_png_jpg.rf.b90b4d1649acc8a51ef1154015f53fde.jpg</path>
	<source>
		<database>roboflow.ai</database>
	</source>
	<size>
		<width>416</width>
		<height>416</height>
		<depth>3</depth>
	</size>
	<segmented>0</segmented>
	<object>
		<name>Scaridae -Parrotfishes-</name>
		<pose>Unspecified</pose>
		<truncated>0</truncated>
		<difficult>0</difficult>
		<occluded>0</occluded>
		<bndbox>
			<xmin>66</xmin>
			<xmax>354</xmax>
			<ymin>63</ymin>
			<ymax>369</ymax>
		</bndbox>
	</object>
</annotation>
