<annotation>
	<folder></folder>
	<filename>FishDataset486_png_jpg.rf.1ce13722e2d4dee0389ce34852465ba8.jpg</filename>
	<path>FishDataset486_png_jpg.rf.1ce13722e2d4dee0389ce34852465ba8.jpg</path>
	<source>
		<database>roboflow.ai</database>
	</source>
	<size>
		<width>416</width>
		<height>416</height>
		<depth>3</depth>
	</size>
	<segmented>0</segmented>
	<object>
		<name>Carangidae -Jacks-</name>
		<pose>Unspecified</pose>
		<truncated>0</truncated>
		<difficult>0</difficult>
		<occluded>0</occluded>
		<bndbox>
			<xmin>209</xmin>
			<xmax>346</xmax>
			<ymin>75</ymin>
			<ymax>281</ymax>
		</bndbox>
	</object>
</annotation>
