<annotation>
	<folder></folder>
	<filename>FishDataset307_png_jpg.rf.755f79118278b2e06f0937b057211fd8.jpg</filename>
	<path>FishDataset307_png_jpg.rf.755f79118278b2e06f0937b057211fd8.jpg</path>
	<source>
		<database>roboflow.ai</database>
	</source>
	<size>
		<width>416</width>
		<height>416</height>
		<depth>3</depth>
	</size>
	<segmented>0</segmented>
	<object>
		<name>grouper</name>
		<pose>Unspecified</pose>
		<truncated>0</truncated>
		<difficult>0</difficult>
		<occluded>0</occluded>
		<bndbox>
			<xmin>82</xmin>
			<xmax>384</xmax>
			<ymin>75</ymin>
			<ymax>293</ymax>
		</bndbox>
	</object>
</annotation>
