<annotation>
	<folder></folder>
	<filename>FishDataset418_png_jpg.rf.aeec5a5abd33d8ea1e9aab380b7de98d.jpg</filename>
	<path>FishDataset418_png_jpg.rf.aeec5a5abd33d8ea1e9aab380b7de98d.jpg</path>
	<source>
		<database>roboflow.ai</database>
	</source>
	<size>
		<width>416</width>
		<height>416</height>
		<depth>3</depth>
	</size>
	<segmented>0</segmented>
	<object>
		<name>Lutjanidae -Snappers-</name>
		<pose>Unspecified</pose>
		<truncated>0</truncated>
		<difficult>0</difficult>
		<occluded>0</occluded>
		<bndbox>
			<xmin>67</xmin>
			<xmax>321</xmax>
			<ymin>137</ymin>
			<ymax>303</ymax>
		</bndbox>
	</object>
</annotation>
