<annotation>
	<folder></folder>
	<filename>FishDataset700_png_jpg.rf.30e5b15daf622688907ef9dc76a54479.jpg</filename>
	<path>FishDataset700_png_jpg.rf.30e5b15daf622688907ef9dc76a54479.jpg</path>
	<source>
		<database>roboflow.ai</database>
	</source>
	<size>
		<width>416</width>
		<height>416</height>
		<depth>3</depth>
	</size>
	<segmented>0</segmented>
	<object>
		<name>Scaridae -Parrotfishes-</name>
		<pose>Unspecified</pose>
		<truncated>0</truncated>
		<difficult>0</difficult>
		<occluded>0</occluded>
		<bndbox>
			<xmin>98</xmin>
			<xmax>319</xmax>
			<ymin>123</ymin>
			<ymax>328</ymax>
		</bndbox>
	</object>
</annotation>
