<annotation>
	<folder></folder>
	<filename>FishDataset681_png_jpg.rf.3ba808870698aaf52e63b9654a4b4ea0.jpg</filename>
	<path>FishDataset681_png_jpg.rf.3ba808870698aaf52e63b9654a4b4ea0.jpg</path>
	<source>
		<database>roboflow.ai</database>
	</source>
	<size>
		<width>416</width>
		<height>416</height>
		<depth>3</depth>
	</size>
	<segmented>0</segmented>
	<object>
		<name>Scombridae -Tunas-</name>
		<pose>Unspecified</pose>
		<truncated>0</truncated>
		<difficult>0</difficult>
		<occluded>0</occluded>
		<bndbox>
			<xmin>16</xmin>
			<xmax>408</xmax>
			<ymin>40</ymin>
			<ymax>336</ymax>
		</bndbox>
	</object>
</annotation>
