<annotation>
	<folder></folder>
	<filename>FishDataset81_png_jpg.rf.24feffe2616b6a8a73124de16a138f59.jpg</filename>
	<path>FishDataset81_png_jpg.rf.24feffe2616b6a8a73124de16a138f59.jpg</path>
	<source>
		<database>roboflow.ai</database>
	</source>
	<size>
		<width>416</width>
		<height>416</height>
		<depth>3</depth>
	</size>
	<segmented>0</segmented>
	<object>
		<name>snapper</name>
		<pose>Unspecified</pose>
		<truncated>0</truncated>
		<difficult>0</difficult>
		<occluded>0</occluded>
		<bndbox>
			<xmin>202</xmin>
			<xmax>293</xmax>
			<ymin>107</ymin>
			<ymax>187</ymax>
		</bndbox>
	</object>
</annotation>
