<annotation>
	<folder></folder>
	<filename>FishDataset103_png_jpg.rf.d86b8a5cd71492b96af5994b095c3c62.jpg</filename>
	<path>FishDataset103_png_jpg.rf.d86b8a5cd71492b96af5994b095c3c62.jpg</path>
	<source>
		<database>roboflow.ai</database>
	</source>
	<size>
		<width>416</width>
		<height>416</height>
		<depth>3</depth>
	</size>
	<segmented>0</segmented>
	<object>
		<name>Serranidae -Groupers-</name>
		<pose>Unspecified</pose>
		<truncated>0</truncated>
		<difficult>0</difficult>
		<occluded>0</occluded>
		<bndbox>
			<xmin>59</xmin>
			<xmax>344</xmax>
			<ymin>156</ymin>
			<ymax>298</ymax>
		</bndbox>
	</object>
</annotation>
