<annotation>
	<folder></folder>
	<filename>FishDataset728_png_jpg.rf.4e823301c202d7f1966ad21d4353c4f0.jpg</filename>
	<path>FishDataset728_png_jpg.rf.4e823301c202d7f1966ad21d4353c4f0.jpg</path>
	<source>
		<database>roboflow.ai</database>
	</source>
	<size>
		<width>416</width>
		<height>416</height>
		<depth>3</depth>
	</size>
	<segmented>0</segmented>
	<object>
		<name>Acanthuridae -Surgeonfishes-</name>
		<pose>Unspecified</pose>
		<truncated>0</truncated>
		<difficult>0</difficult>
		<occluded>0</occluded>
		<bndbox>
			<xmin>28</xmin>
			<xmax>288</xmax>
			<ymin>160</ymin>
			<ymax>305</ymax>
		</bndbox>
	</object>
	<object>
		<name>Acanthuridae -Surgeonfishes-</name>
		<pose>Unspecified</pose>
		<truncated>0</truncated>
		<difficult>0</difficult>
		<occluded>0</occluded>
		<bndbox>
			<xmin>123</xmin>
			<xmax>385</xmax>
			<ymin>14</ymin>
			<ymax>145</ymax>
		</bndbox>
	</object>
</annotation>
