<annotation>
	<folder></folder>
	<filename>FishDataset675_png_jpg.rf.0ea6c60c5dc5ce60e0cc6fd71c84cba5.jpg</filename>
	<path>FishDataset675_png_jpg.rf.0ea6c60c5dc5ce60e0cc6fd71c84cba5.jpg</path>
	<source>
		<database>roboflow.ai</database>
	</source>
	<size>
		<width>416</width>
		<height>416</height>
		<depth>3</depth>
	</size>
	<segmented>0</segmented>
	<object>
		<name>Scombridae -Tunas-</name>
		<pose>Unspecified</pose>
		<truncated>0</truncated>
		<difficult>0</difficult>
		<occluded>0</occluded>
		<bndbox>
			<xmin>7</xmin>
			<xmax>407</xmax>
			<ymin>144</ymin>
			<ymax>409</ymax>
		</bndbox>
	</object>
</annotation>
