<annotation>
	<folder></folder>
	<filename>FishDataset175_png_jpg.rf.5f50ba0098bff381e13514f7612f5aac.jpg</filename>
	<path>FishDataset175_png_jpg.rf.5f50ba0098bff381e13514f7612f5aac.jpg</path>
	<source>
		<database>roboflow.ai</database>
	</source>
	<size>
		<width>416</width>
		<height>416</height>
		<depth>3</depth>
	</size>
	<segmented>0</segmented>
	<object>
		<name>snapper</name>
		<pose>Unspecified</pose>
		<truncated>0</truncated>
		<difficult>0</difficult>
		<occluded>0</occluded>
		<bndbox>
			<xmin>53</xmin>
			<xmax>354</xmax>
			<ymin>59</ymin>
			<ymax>356</ymax>
		</bndbox>
	</object>
</annotation>
