<annotation>
	<folder></folder>
	<filename>FishDataset652_png_jpg.rf.e707dd0cc3c31504b40faa8804e11fad.jpg</filename>
	<path>FishDataset652_png_jpg.rf.e707dd0cc3c31504b40faa8804e11fad.jpg</path>
	<source>
		<database>roboflow.ai</database>
	</source>
	<size>
		<width>416</width>
		<height>416</height>
		<depth>3</depth>
	</size>
	<segmented>0</segmented>
	<object>
		<name>Serranidae -Groupers-</name>
		<pose>Unspecified</pose>
		<truncated>0</truncated>
		<difficult>0</difficult>
		<occluded>0</occluded>
		<bndbox>
			<xmin>78</xmin>
			<xmax>362</xmax>
			<ymin>126</ymin>
			<ymax>398</ymax>
		</bndbox>
	</object>
</annotation>
