<annotation>
	<folder></folder>
	<filename>FishDataset300_png_jpg.rf.e4026fe646762a68a27f3d0896b0f2ed.jpg</filename>
	<path>FishDataset300_png_jpg.rf.e4026fe646762a68a27f3d0896b0f2ed.jpg</path>
	<source>
		<database>roboflow.ai</database>
	</source>
	<size>
		<width>416</width>
		<height>416</height>
		<depth>3</depth>
	</size>
	<segmented>0</segmented>
	<object>
		<name>Acanthuridae -Surgeonfishes-</name>
		<pose>Unspecified</pose>
		<truncated>0</truncated>
		<difficult>0</difficult>
		<occluded>0</occluded>
		<bndbox>
			<xmin>249</xmin>
			<xmax>354</xmax>
			<ymin>159</ymin>
			<ymax>290</ymax>
		</bndbox>
	</object>
	<object>
		<name>Scaridae -Parrotfishes-</name>
		<pose>Unspecified</pose>
		<truncated>0</truncated>
		<difficult>0</difficult>
		<occluded>0</occluded>
		<bndbox>
			<xmin>39</xmin>
			<xmax>242</xmax>
			<ymin>82</ymin>
			<ymax>236</ymax>
		</bndbox>
	</object>
</annotation>
