<annotation>
	<folder></folder>
	<filename>FishDataset627_png_jpg.rf.f95dfddc3899c2052f20489d6ddf6baa.jpg</filename>
	<path>FishDataset627_png_jpg.rf.f95dfddc3899c2052f20489d6ddf6baa.jpg</path>
	<source>
		<database>roboflow.ai</database>
	</source>
	<size>
		<width>416</width>
		<height>416</height>
		<depth>3</depth>
	</size>
	<segmented>0</segmented>
	<object>
		<name>Shark -Selachimorpha-</name>
		<pose>Unspecified</pose>
		<truncated>0</truncated>
		<difficult>0</difficult>
		<occluded>0</occluded>
		<bndbox>
			<xmin>88</xmin>
			<xmax>363</xmax>
			<ymin>104</ymin>
			<ymax>296</ymax>
		</bndbox>
	</object>
</annotation>
