<annotation>
	<folder></folder>
	<filename>FishDataset149_png_jpg.rf.a327db58097893336eaa90e8fa6c059f.jpg</filename>
	<path>FishDataset149_png_jpg.rf.a327db58097893336eaa90e8fa6c059f.jpg</path>
	<source>
		<database>roboflow.ai</database>
	</source>
	<size>
		<width>416</width>
		<height>416</height>
		<depth>3</depth>
	</size>
	<segmented>0</segmented>
	<object>
		<name>Serranidae -Groupers-</name>
		<pose>Unspecified</pose>
		<truncated>0</truncated>
		<difficult>0</difficult>
		<occluded>0</occluded>
		<bndbox>
			<xmin>176</xmin>
			<xmax>291</xmax>
			<ymin>92</ymin>
			<ymax>251</ymax>
		</bndbox>
	</object>
</annotation>
