<annotation>
	<folder></folder>
	<filename>FishDataset129_png_jpg.rf.2bdddf629e2efcf85c80cc7c25545f69.jpg</filename>
	<path>FishDataset129_png_jpg.rf.2bdddf629e2efcf85c80cc7c25545f69.jpg</path>
	<source>
		<database>roboflow.ai</database>
	</source>
	<size>
		<width>416</width>
		<height>416</height>
		<depth>3</depth>
	</size>
	<segmented>0</segmented>
	<object>
		<name>Scaridae -Parrotfishes-</name>
		<pose>Unspecified</pose>
		<truncated>0</truncated>
		<difficult>0</difficult>
		<occluded>0</occluded>
		<bndbox>
			<xmin>196</xmin>
			<xmax>305</xmax>
			<ymin>107</ymin>
			<ymax>292</ymax>
		</bndbox>
	</object>
</annotation>
