<annotation>
	<folder></folder>
	<filename>FishDataset591_png_jpg.rf.1cb9b139dc489ff21a9620e6017be7af.jpg</filename>
	<path>FishDataset591_png_jpg.rf.1cb9b139dc489ff21a9620e6017be7af.jpg</path>
	<source>
		<database>roboflow.ai</database>
	</source>
	<size>
		<width>416</width>
		<height>416</height>
		<depth>3</depth>
	</size>
	<segmented>0</segmented>
	<object>
		<name>Scaridae -Parrotfishes-</name>
		<pose>Unspecified</pose>
		<truncated>0</truncated>
		<difficult>0</difficult>
		<occluded>0</occluded>
		<bndbox>
			<xmin>130</xmin>
			<xmax>267</xmax>
			<ymin>3</ymin>
			<ymax>336</ymax>
		</bndbox>
	</object>
</annotation>
