<annotation>
	<folder></folder>
	<filename>FishDataset67_png_jpg.rf.3e063f9062183f335de67b2d14ae8236.jpg</filename>
	<path>FishDataset67_png_jpg.rf.3e063f9062183f335de67b2d14ae8236.jpg</path>
	<source>
		<database>roboflow.ai</database>
	</source>
	<size>
		<width>416</width>
		<height>416</height>
		<depth>3</depth>
	</size>
	<segmented>0</segmented>
	<object>
		<name>Acanthuridae -Surgeonfishes-</name>
		<pose>Unspecified</pose>
		<truncated>0</truncated>
		<difficult>0</difficult>
		<occluded>0</occluded>
		<bndbox>
			<xmin>68</xmin>
			<xmax>214</xmax>
			<ymin>179</ymin>
			<ymax>289</ymax>
		</bndbox>
	</object>
</annotation>
