<annotation>
	<folder></folder>
	<filename>FishDataset30_png_jpg.rf.8ec12c7e17d018d00b76b808e0f9db38.jpg</filename>
	<path>FishDataset30_png_jpg.rf.8ec12c7e17d018d00b76b808e0f9db38.jpg</path>
	<source>
		<database>roboflow.ai</database>
	</source>
	<size>
		<width>416</width>
		<height>416</height>
		<depth>3</depth>
	</size>
	<segmented>0</segmented>
	<object>
		<name>grouper</name>
		<pose>Unspecified</pose>
		<truncated>0</truncated>
		<difficult>0</difficult>
		<occluded>0</occluded>
		<bndbox>
			<xmin>54</xmin>
			<xmax>345</xmax>
			<ymin>9</ymin>
			<ymax>415</ymax>
		</bndbox>
	</object>
</annotation>
