<annotation>
	<folder></folder>
	<filename>FishDataset308_png_jpg.rf.609dfa119208025c427aa66747a16101.jpg</filename>
	<path>FishDataset308_png_jpg.rf.609dfa119208025c427aa66747a16101.jpg</path>
	<source>
		<database>roboflow.ai</database>
	</source>
	<size>
		<width>416</width>
		<height>416</height>
		<depth>3</depth>
	</size>
	<segmented>0</segmented>
	<object>
		<name>Acanthuridae -Surgeonfishes-</name>
		<pose>Unspecified</pose>
		<truncated>0</truncated>
		<difficult>0</difficult>
		<occluded>0</occluded>
		<bndbox>
			<xmin>25</xmin>
			<xmax>341</xmax>
			<ymin>97</ymin>
			<ymax>416</ymax>
		</bndbox>
	</object>
</annotation>
