<annotation>
	<folder></folder>
	<filename>FishDataset522_png_jpg.rf.c75ff5aa77bf564fced8a3e63e43b7e4.jpg</filename>
	<path>FishDataset522_png_jpg.rf.c75ff5aa77bf564fced8a3e63e43b7e4.jpg</path>
	<source>
		<database>roboflow.ai</database>
	</source>
	<size>
		<width>416</width>
		<height>416</height>
		<depth>3</depth>
	</size>
	<segmented>0</segmented>
	<object>
		<name>Scaridae -Parrotfishes-</name>
		<pose>Unspecified</pose>
		<truncated>0</truncated>
		<difficult>0</difficult>
		<occluded>0</occluded>
		<bndbox>
			<xmin>29</xmin>
			<xmax>357</xmax>
			<ymin>66</ymin>
			<ymax>386</ymax>
		</bndbox>
	</object>
</annotation>
