<annotation>
	<folder></folder>
	<filename>FishDataset242_png_jpg.rf.8292cd076739e7e67a37a962ebf537a8.jpg</filename>
	<path>FishDataset242_png_jpg.rf.8292cd076739e7e67a37a962ebf537a8.jpg</path>
	<source>
		<database>roboflow.ai</database>
	</source>
	<size>
		<width>416</width>
		<height>416</height>
		<depth>3</depth>
	</size>
	<segmented>0</segmented>
	<object>
		<name>tuna</name>
		<pose>Unspecified</pose>
		<truncated>0</truncated>
		<difficult>0</difficult>
		<occluded>0</occluded>
		<bndbox>
			<xmin>16</xmin>
			<xmax>391</xmax>
			<ymin>91</ymin>
			<ymax>341</ymax>
		</bndbox>
	</object>
</annotation>
