<annotation>
	<folder></folder>
	<filename>FishDataset190_png_jpg.rf.b5493bce93692d07dcf40d6dec9f78a3.jpg</filename>
	<path>FishDataset190_png_jpg.rf.b5493bce93692d07dcf40d6dec9f78a3.jpg</path>
	<source>
		<database>roboflow.ai</database>
	</source>
	<size>
		<width>416</width>
		<height>416</height>
		<depth>3</depth>
	</size>
	<segmented>0</segmented>
	<object>
		<name>Carangidae -Jacks-</name>
		<pose>Unspecified</pose>
		<truncated>0</truncated>
		<difficult>0</difficult>
		<occluded>0</occluded>
		<bndbox>
			<xmin>49</xmin>
			<xmax>298</xmax>
			<ymin>139</ymin>
			<ymax>358</ymax>
		</bndbox>
	</object>
</annotation>
