<annotation>
	<folder></folder>
	<filename>FishDataset182_png_jpg.rf.74b55c3ed8cfb5f56a1ad02a32356c50.jpg</filename>
	<path>FishDataset182_png_jpg.rf.74b55c3ed8cfb5f56a1ad02a32356c50.jpg</path>
	<source>
		<database>roboflow.ai</database>
	</source>
	<size>
		<width>416</width>
		<height>416</height>
		<depth>3</depth>
	</size>
	<segmented>0</segmented>
	<object>
		<name>Scaridae -Parrotfishes-</name>
		<pose>Unspecified</pose>
		<truncated>0</truncated>
		<difficult>0</difficult>
		<occluded>0</occluded>
		<bndbox>
			<xmin>49</xmin>
			<xmax>390</xmax>
			<ymin>126</ymin>
			<ymax>311</ymax>
		</bndbox>
	</object>
	<object>
		<name>Zanclidae -Moorish Idol-</name>
		<pose>Unspecified</pose>
		<truncated>0</truncated>
		<difficult>0</difficult>
		<occluded>0</occluded>
		<bndbox>
			<xmin>201</xmin>
			<xmax>311</xmax>
			<ymin>1</ymin>
			<ymax>126</ymax>
		</bndbox>
	</object>
</annotation>
