<annotation>
	<folder></folder>
	<filename>FishDataset343_png_jpg.rf.3d9c7005dc8018eef40e13122038536f.jpg</filename>
	<path>FishDataset343_png_jpg.rf.3d9c7005dc8018eef40e13122038536f.jpg</path>
	<source>
		<database>roboflow.ai</database>
	</source>
	<size>
		<width>416</width>
		<height>416</height>
		<depth>3</depth>
	</size>
	<segmented>0</segmented>
	<object>
		<name>Serranidae -Groupers-</name>
		<pose>Unspecified</pose>
		<truncated>0</truncated>
		<difficult>0</difficult>
		<occluded>0</occluded>
		<bndbox>
			<xmin>72</xmin>
			<xmax>345</xmax>
			<ymin>57</ymin>
			<ymax>310</ymax>
		</bndbox>
	</object>
</annotation>
